parent_source_antigen_iri,n_tested,pos_frac,acc
UNIPROT:A0A024B7W1,1086,0.2043307086614173,A0A024B7W1
UNIPROT:A0A060N479,98,0.8148148148148148,A0A060N479
UNIPROT:A0A077RH77,8,0.5416666666666666,A0A077RH77
UNIPROT:A0A088SAH7,26,0.7307692307692307,A0A088SAH7
UNIPROT:A0A088SV31,26,0.0,A0A088SV31
UNIPROT:A0A089QRB9,14,0.0,A0A089QRB9
UNIPROT:A0A0B4J1I4,8,0.125,A0A0B4J1I4
UNIPROT:A0A0H2UMZ8,45,0.3843537414965986,A0A0H2UMZ8
UNIPROT:A0A0H2UQ91,12,0.0,A0A0H2UQ91
UNIPROT:A0A0H2XHI2,14,0.5411764705882353,A0A0H2XHI2
UNIPROT:A0A0H2XIH5,8,0.7777777777777778,A0A0H2XIH5
UNIPROT:A0A0H3AVQ1,19,0.05263157894736842,A0A0H3AVQ1
UNIPROT:A0A0H3AXH0,36,0.075,A0A0H3AXH0
UNIPROT:A0A0H3NAZ2,19,0.8448275862068966,A0A0H3NAZ2
UNIPROT:A0A0U2M0R3,17,0.2647058823529412,A0A0U2M0R3
UNIPROT:A0A0V1AVP4,12,0.6301369863013698,A0A0V1AVP4
UNIPROT:A0A125YP09,9,0.5714285714285714,A0A125YP09
UNIPROT:A0A140KPR2,55,0.10454545454545454,A0A140KPR2
UNIPROT:A0A140KPR6,23,0.14130434782608695,A0A140KPR6
UNIPROT:A0A140KPR8,20,0.075,A0A140KPR8
UNIPROT:A0A140KPS4,110,0.031818181818181815,A0A140KPS4
UNIPROT:A0A143ZZD7,33,0.5833333333333334,A0A143ZZD7
UNIPROT:A0A175YPK8,33,0.9473684210526315,A0A175YPK8
UNIPROT:A0A177D2L6,13,0.6923076923076923,A0A177D2L6
UNIPROT:A0A177DRV2,11,0.0,A0A177DRV2
UNIPROT:A0A177DS24,9,0.3333333333333333,A0A177DS24
UNIPROT:A0A177DTG8,12,0.16666666666666666,A0A177DTG8
UNIPROT:A0A177DWY3,10,0.0,A0A177DWY3
UNIPROT:A0A1D5PYU1,55,0.13559322033898305,A0A1D5PYU1
UNIPROT:A0A1P8DSR6,22,0.20689655172413793,A0A1P8DSR6
UNIPROT:A0A1Y3ATX9,28,0.3448275862068966,A0A1Y3ATX9
UNIPROT:A0A251P0Q9,40,0.7916666666666666,A0A251P0Q9
UNIPROT:A0A2K7JDH2,9,0.2631578947368421,A0A2K7JDH2
UNIPROT:A0A2Z6DTI4,23,0.25,A0A2Z6DTI4
UNIPROT:A0A3Q1LGL7,74,0.0,A0A3Q1LGL7
UNIPROT:A0A445BYI5,74,0.7175925925925926,A0A445BYI5
UNIPROT:A0A481MR44,21,0.047619047619047616,A0A481MR44
UNIPROT:A0A482J3M1,35,0.08571428571428572,A0A482J3M1
UNIPROT:A0A498HSS9,36,0.5211267605633803,A0A498HSS9
UNIPROT:A0A4E0R033,17,0.8490566037735849,A0A4E0R033
UNIPROT:A0A4Z2CMK4,27,0.023529411764705882,A0A4Z2CMK4
UNIPROT:A0A4Z2CNT1,9,0.7692307692307693,A0A4Z2CNT1
UNIPROT:A0A599,9,0.5384615384615384,A0A599
UNIPROT:A0A5S8K779,17,0.8709677419354839,A0A5S8K779
UNIPROT:A0A5S8K7A4,10,0.6,A0A5S8K7A4
UNIPROT:A0A6B0RXU8,13,0.0,A0A6B0RXU8
UNIPROT:A0A6B9VTT9,14,0.35714285714285715,A0A6B9VTT9
UNIPROT:A0A7L7T6B1,66,0.1891891891891892,A0A7L7T6B1
UNIPROT:A0A834NL11,89,0.3595505617977528,A0A834NL11
UNIPROT:A0A8F3E2E7,41,0.0,A0A8F3E2E7
UNIPROT:A0A8I3PQ26,16,0.7619047619047619,A0A8I3PQ26
UNIPROT:A0A8I6ACV3,10,0.676056338028169,A0A8I6ACV3
UNIPROT:A0A8I6WY44,10,0.84,A0A8I6WY44
UNIPROT:A0A8R1TM72,42,0.6666666666666666,A0A8R1TM72
UNIPROT:A0A8S0RT50,15,0.8076923076923077,A0A8S0RT50
UNIPROT:A0A922HYI2,11,0.5454545454545454,A0A922HYI2
UNIPROT:A0A922HZT4,9,0.5555555555555556,A0A922HZT4
UNIPROT:A0A922I2S1,19,0.6842105263157895,A0A922I2S1
UNIPROT:A0A922I6A5,22,0.045454545454545456,A0A922I6A5
UNIPROT:A0A922IF20,53,0.07547169811320754,A0A922IF20
UNIPROT:A0A922KUC2,31,0.1935483870967742,A0A922KUC2
UNIPROT:A0A922L397,23,0.0,A0A922L397
UNIPROT:A0A922L7D5,16,0.0,A0A922L7D5
UNIPROT:A0A922L823,15,0.13333333333333333,A0A922L823
UNIPROT:A0A922L8L5,27,0.0,A0A922L8L5
UNIPROT:A0A922LAY9,10,0.2,A0A922LAY9
UNIPROT:A0A9P1JG13,68,0.015037593984962405,A0A9P1JG13
UNIPROT:A0AAD5CTS2,12,0.3333333333333333,A0AAD5CTS2
UNIPROT:A0AAQ3SN24,24,0.908256880733945,A0AAQ3SN24
UNIPROT:A0AAW0TTV3,24,0.4482758620689655,A0AAW0TTV3
UNIPROT:A0ABI7XH83,8,0.0,A0ABI7XH83
UNIPROT:A0ABI7XLA3,29,0.3925925925925926,A0ABI7XLA3
UNIPROT:A0ABI7XLG5,40,0.6,A0ABI7XLG5
UNIPROT:A0ABI7Y2M4,12,0.0,A0ABI7Y2M4
UNIPROT:A0ABK0LD81,10,0.45454545454545453,A0ABK0LD81
UNIPROT:A0ABP2ES28,15,0.8260869565217391,A0ABP2ES28
UNIPROT:A0ABQ8ITI3,11,0.7272727272727273,A0ABQ8ITI3
UNIPROT:A0ABQ8IU77,15,0.5333333333333333,A0ABQ8IU77
UNIPROT:A0ABQ8J1D2,11,0.45454545454545453,A0ABQ8J1D2
UNIPROT:A0ABQ8J715,55,0.8146341463414634,A0ABQ8J715
UNIPROT:A0ABQ8J8M9,23,0.6956521739130435,A0ABQ8J8M9
UNIPROT:A0ABQ8JAB4,29,0.13793103448275862,A0ABQ8JAB4
UNIPROT:A0ABQ8JCH9,27,0.5925925925925926,A0ABQ8JCH9
UNIPROT:A0ABQ8JDG4,12,0.5,A0ABQ8JDG4
UNIPROT:A0ABQ8JE82,9,0.7777777777777778,A0ABQ8JE82
UNIPROT:A0ABQ8JEB6,140,0.05,A0ABQ8JEB6
UNIPROT:A0ABQ8JEI3,16,0.0,A0ABQ8JEI3
UNIPROT:A0ABQ8JFW8,39,0.28205128205128205,A0ABQ8JFW8
UNIPROT:A0ABQ8JG43,14,0.5714285714285714,A0ABQ8JG43
UNIPROT:A0ABQ8JGA7,16,0.0,A0ABQ8JGA7
UNIPROT:A0ABQ8JI23,14,0.14285714285714285,A0ABQ8JI23
UNIPROT:A0ABQ8JLZ1,12,0.0,A0ABQ8JLZ1
UNIPROT:A0ABQ8JR39,47,0.19148936170212766,A0ABQ8JR39
UNIPROT:A0ABQ8WJ44,12,0.0,A0ABQ8WJ44
UNIPROT:A0ABQ8WMX1,16,0.3125,A0ABQ8WMX1
UNIPROT:A0ABQ9K8B4,13,0.6470588235294118,A0ABQ9K8B4
UNIPROT:A0ABQ9K8N2,35,0.3333333333333333,A0ABQ9K8N2
UNIPROT:A0ABQ9MLP8,13,0.6956521739130435,A0ABQ9MLP8
UNIPROT:A0ABX6CM31,32,0.21311475409836064,A0ABX6CM31
UNIPROT:A0ACD7BMG1,33,0.09090909090909091,A0ACD7BMG1
UNIPROT:A0ACD7BQ87,27,0.24074074074074073,A0ACD7BQ87
UNIPROT:A0ACD7BTF5,99,0.14814814814814814,A0ACD7BTF5
UNIPROT:A0ACD7BTW5,47,0.17,A0ACD7BTW5
UNIPROT:A0ACG8A9J6,8,1.0,A0ACG8A9J6
UNIPROT:A0PJ16,124,0.19555555555555557,A0PJ16
UNIPROT:A0QS62,12,0.5217391304347826,A0QS62
UNIPROT:A1KYZ2,13,0.7777777777777778,A1KYZ2
UNIPROT:A1YW11,42,0.5319148936170213,A1YW11
UNIPROT:A1YW12,24,0.2916666666666667,A1YW12
UNIPROT:A2BHR0,12,0.08333333333333333,A2BHR0
UNIPROT:A2T3T0,12,0.6129032258064516,A2T3T0
UNIPROT:A4IFU7,12,0.0,A4IFU7
UNIPROT:A4UHT9,48,0.9230769230769231,A4UHT9
UNIPROT:A5K1G9,8,0.4482758620689655,A5K1G9
UNIPROT:A5K724,8,0.9285714285714286,A5K724
UNIPROT:A6QP05,14,0.0,A6QP05
UNIPROT:A7ARK0,21,0.23809523809523808,A7ARK0
UNIPROT:A7AS21,25,0.7012987012987013,A7AS21
UNIPROT:A7XZJ2,8,0.875,A7XZJ2
UNIPROT:A8GTX6,16,0.0,A8GTX6
UNIPROT:A9C496,9,0.7272727272727273,A9C496
UNIPROT:A9CSJ9,8,0.625,A9CSJ9
UNIPROT:A9XFX0,83,0.015060240963855422,A9XFX0
UNIPROT:A9Z0P4,10,0.94,A9Z0P4
UNIPROT:B0XNL0,15,0.9565217391304348,B0XNL0
UNIPROT:B0Y004,8,0.0,B0Y004
UNIPROT:B2GM84,9,0.4444444444444444,B2GM84
UNIPROT:B2RH54,58,0.28193832599118945,B2RH54
UNIPROT:B2RKS6,10,1.0,B2RKS6
UNIPROT:B2RLK2,73,0.4421052631578947,B2RLK2
UNIPROT:B2RM93,56,0.07352941176470588,B2RM93
UNIPROT:B2Y2Q7,9,0.9130434782608695,B2Y2Q7
UNIPROT:B2ZSY4,19,0.2631578947368421,B2ZSY4
UNIPROT:B5TYU1,19,0.8888888888888888,B5TYU1
UNIPROT:B7TYB1,8,0.0,B7TYB1
UNIPROT:B7U5T2,16,0.3125,B7U5T2
UNIPROT:B9KGZ2,38,0.8653846153846154,B9KGZ2
UNIPROT:B9KHA8,19,0.3,B9KHA8
UNIPROT:B9KHA9,9,0.7272727272727273,B9KHA9
UNIPROT:B9KHJ9,11,0.3076923076923077,B9KHJ9
UNIPROT:B9KIE7,13,0.9787234042553191,B9KIE7
UNIPROT:C0M9F8,10,0.9,C0M9F8
UNIPROT:C1GK29,29,0.5411764705882353,C1GK29
UNIPROT:C1KEU0,35,0.02857142857142857,C1KEU0
UNIPROT:C4YMJ3,27,0.5333333333333333,C4YMJ3
UNIPROT:C7E3T4,9,1.0,C7E3T4
UNIPROT:C7T6L6,75,0.5098039215686274,C7T6L6
UNIPROT:D0VNY7,100,0.02,D0VNY7
UNIPROT:D2J0Y4,23,0.0,D2J0Y4
UNIPROT:D2T2K3,186,0.5899280575539568,D2T2K3
UNIPROT:D3E488,11,0.18181818181818182,D3E488
UNIPROT:D3YYY6,8,0.0,D3YYY6
UNIPROT:D3Z7P3,35,0.0,D3Z7P3
UNIPROT:D4IHC0,16,0.0,D4IHC0
UNIPROT:D6QWE7,110,0.030100334448160536,D6QWE7
UNIPROT:D6QWE8,33,0.01639344262295082,D6QWE8
UNIPROT:E1BAI5,22,0.0,E1BAI5
UNIPROT:E1XUL4,42,0.927710843373494,E1XUL4
UNIPROT:E5G076,45,0.9387755102040817,E5G076
UNIPROT:F0VIH6,69,0.18,F0VIH6
UNIPROT:F1MRK2,74,0.0,F1MRK2
UNIPROT:F1MV51,68,0.0,F1MV51
UNIPROT:F1N0G7,10,0.0,F1N0G7
UNIPROT:F2SLX7,22,0.5135135135135135,F2SLX7
UNIPROT:F5HB53,27,0.92,F5HB53
UNIPROT:F5HBC6,51,0.058823529411764705,F5HBC6
UNIPROT:F5HCM1,138,0.4908256880733945,F5HCM1
UNIPROT:F5HGQ8,11,0.0,F5HGQ8
UNIPROT:F5HGT1,11,1.0,F5HGT1
UNIPROT:F8WCM5,20,0.45454545454545453,F8WCM5
UNIPROT:G1UB25,27,0.06896551724137931,G1UB25
UNIPROT:G1UB30,43,0.022727272727272728,G1UB30
UNIPROT:G3FDP3,47,0.41836734693877553,G3FDP3
UNIPROT:G3G8Y8,75,0.025974025974025976,G3G8Y8
UNIPROT:G3N0V2,16,0.0,G3N0V2
UNIPROT:G3XD49,34,0.9117647058823529,G3XD49
UNIPROT:G5IXI1,68,0.10655737704918032,G5IXI1
UNIPROT:G9JWG6,33,0.022727272727272728,G9JWG6
UNIPROT:H0V004,21,0.14285714285714285,H0V004
UNIPROT:H7C7D7,20,0.34210526315789475,H7C7D7
UNIPROT:H7C7G3,29,0.5789473684210527,H7C7G3
UNIPROT:I3L4X8,13,0.25925925925925924,I3L4X8
UNIPROT:I6WYT7,8,0.0,I6WYT7
UNIPROT:I6WZI4,8,0.0,I6WZI4
UNIPROT:I6WZK7,8,0.0,I6WZK7
UNIPROT:I6X4K0,9,0.0,I6X4K0
UNIPROT:I6X654,10,0.09090909090909091,I6X654
UNIPROT:I6X6H8,9,0.3333333333333333,I6X6H8
UNIPROT:I6X811,8,0.0,I6X811
UNIPROT:I6X8D2,10,0.0,I6X8D2
UNIPROT:I6X8R2,10,0.0,I6X8R2
UNIPROT:I6XD69,10,0.1,I6XD69
UNIPROT:I6XEF1,10,0.0,I6XEF1
UNIPROT:I6XF52,10,0.0,I6XF52
UNIPROT:I6XHM5,9,0.0,I6XHM5
UNIPROT:I6XVW9,9,0.0,I6XVW9
UNIPROT:I6Y0X0,8,0.0,I6Y0X0
UNIPROT:I6Y0X6,8,0.0,I6Y0X6
UNIPROT:I6Y1F5,10,0.0,I6Y1F5
UNIPROT:I6Y1H7,9,0.0,I6Y1H7
UNIPROT:I6Y231,10,0.1,I6Y231
UNIPROT:I6Y460,8,0.125,I6Y460
UNIPROT:I6Y7L4,9,0.0,I6Y7L4
UNIPROT:I6Y7V6,8,0.0,I6Y7V6
UNIPROT:I6Y897,10,0.0,I6Y897
UNIPROT:I6Y8H4,9,0.0,I6Y8H4
UNIPROT:I6YB49,8,0.0,I6YB49
UNIPROT:I6YCF3,9,0.0,I6YCF3
UNIPROT:I6YDI9,8,0.0,I6YDI9
UNIPROT:I6YDK7,8,0.0,I6YDK7
UNIPROT:I6YEE6,8,0.0,I6YEE6
UNIPROT:I6YEU0,10,0.0,I6YEU0
UNIPROT:I6YGX2,10,0.0,I6YGX2
UNIPROT:J9VND2,39,0.7037037037037037,J9VND2
UNIPROT:J9VPD7,27,0.8148148148148148,J9VPD7
UNIPROT:K0BRG7,34,0.56,K0BRG7
UNIPROT:K0BU37,14,0.7,K0BU37
UNIPROT:K0BUR3,14,0.0,K0BUR3
UNIPROT:K0BVN3,10,0.7916666666666666,K0BVN3
UNIPROT:K0BWC8,21,0.1,K0BWC8
UNIPROT:K4L9K1,11,0.0,K4L9K1
UNIPROT:K6Z6I0,10,0.0,K6Z6I0
UNIPROT:K6Z6I5,8,0.0,K6Z6I5
UNIPROT:K6Z6I9,13,0.11538461538461539,K6Z6I9
UNIPROT:K6Z6Z9,8,0.9375,K6Z6Z9
UNIPROT:K6Z707,9,0.2777777777777778,K6Z707
UNIPROT:K6ZXV8,9,0.0,K6ZXV8
UNIPROT:K6ZXX9,17,0.7058823529411765,K6ZXX9
UNIPROT:K6ZYL0,8,0.625,K6ZYL0
UNIPROT:K7AES0,9,0.7777777777777778,K7AES0
UNIPROT:K7AF62,14,0.6071428571428571,K7AF62
UNIPROT:K7AF65,20,0.05,K7AF65
UNIPROT:K7AFJ3,19,0.10526315789473684,K7AFJ3
UNIPROT:K7AJC3,18,0.3611111111111111,K7AJC3
UNIPROT:K7AJC6,10,0.8,K7AJC6
UNIPROT:K7AJD8,13,0.11538461538461539,K7AJD8
UNIPROT:K7AJH1,10,0.75,K7AJH1
UNIPROT:K7AK25,10,0.25,K7AK25
UNIPROT:K7AK41,17,0.4117647058823529,K7AK41
UNIPROT:K7B045,9,0.3888888888888889,K7B045
UNIPROT:K7B068,8,0.5,K7B068
UNIPROT:L0T2Z1,9,0.0,L0T2Z1
UNIPROT:L0T3X8,10,0.0,L0T3X8
UNIPROT:L0T4W6,8,0.0,L0T4W6
UNIPROT:L0T911,10,0.0,L0T911
UNIPROT:L0TCB8,8,0.0,L0TCB8
UNIPROT:L7N655,9,0.0,L7N655
UNIPROT:L7N675,65,0.2222222222222222,L7N675
UNIPROT:L7N680,8,0.2,L7N680
UNIPROT:L7N699,8,0.0,L7N699
UNIPROT:L7N6A1,9,0.0,L7N6A1
UNIPROT:L7UZ91,12,0.16666666666666666,L7UZ91
UNIPROT:L7V065,33,0.030303030303030304,L7V065
UNIPROT:O04004,8,0.0,O04004
UNIPROT:O04701,46,0.875,O04701
UNIPROT:O05305,8,0.0,O05305
UNIPROT:O05307,8,0.0,O05307
UNIPROT:O05316,8,0.0,O05316
UNIPROT:O05436,9,0.0,O05436
UNIPROT:O05442,9,0.0,O05442
UNIPROT:O05450,10,0.0,O05450
UNIPROT:O05458,8,0.0,O05458
UNIPROT:O05598,8,0.0,O05598
UNIPROT:O05819,9,0.0,O05819
UNIPROT:O05855,8,0.0,O05855
UNIPROT:O05884,8,0.0,O05884
UNIPROT:O05900,8,0.0,O05900
UNIPROT:O06137,8,0.0,O06137
UNIPROT:O06138,8,0.0,O06138
UNIPROT:O06152,8,0.0,O06152
UNIPROT:O06335,8,0.0,O06335
UNIPROT:O06342,8,0.0,O06342
UNIPROT:O06347,8,0.0,O06347
UNIPROT:O06359,10,0.0,O06359
UNIPROT:O06404,9,0.0,O06404
UNIPROT:O06417,9,0.1,O06417
UNIPROT:O06563,8,0.0,O06563
UNIPROT:O06583,9,0.0,O06583
UNIPROT:O06586,8,0.0,O06586
UNIPROT:O06604,8,0.0,O06604
UNIPROT:O06625,9,0.2,O06625
UNIPROT:O06769,9,0.0,O06769
UNIPROT:O06817,8,0.125,O06817
UNIPROT:O06827,9,0.1,O06827
UNIPROT:O07175,62,0.14084507042253522,O07175
UNIPROT:O07178,10,0.0,O07178
UNIPROT:O07239,9,0.0,O07239
UNIPROT:O07257,8,0.0,O07257
UNIPROT:O07411,8,0.0,O07411
UNIPROT:O07430,9,0.0,O07430
UNIPROT:O07437,9,0.0,O07437
UNIPROT:O08710,24,0.6637931034482759,O08710
UNIPROT:O09234,2175,0.5209891936824605,O09234
UNIPROT:O14746,21,0.9086294416243654,O14746
UNIPROT:O15392,12,0.8666666666666667,O15392
UNIPROT:O18527,16,0.0,O18527
UNIPROT:O18530,12,0.0,O18530
UNIPROT:O18598,47,0.3230088495575221,O18598
UNIPROT:O18873,62,0.6666666666666666,O18873
UNIPROT:O18874,8,0.0,O18874
UNIPROT:O23754,101,0.7489082969432315,O23754
UNIPROT:O24282,9,0.0,O24282
UNIPROT:O24650,37,0.030555555555555555,O24650
UNIPROT:O30446,11,0.0,O30446
UNIPROT:O33185,10,0.0,O33185
UNIPROT:O33203,8,0.0,O33203
UNIPROT:O33259,8,0.0,O33259
UNIPROT:O33266,9,0.0,O33266
UNIPROT:O33268,10,0.0,O33268
UNIPROT:O33269,9,0.1,O33269
UNIPROT:O34094,43,0.022727272727272728,O34094
UNIPROT:O36633,37,0.593103448275862,O36633
UNIPROT:O36634,82,0.532967032967033,O36634
UNIPROT:O43099,16,0.4444444444444444,O43099
UNIPROT:O43612,66,0.6086956521739131,O43612
UNIPROT:O50417,10,0.0,O50417
UNIPROT:O50419,8,0.0,O50419
UNIPROT:O50431,10,0.0,O50431
UNIPROT:O50435,8,0.0,O50435
UNIPROT:O50466,10,0.5555555555555556,O50466
UNIPROT:O53150,8,0.0,O53150
UNIPROT:O53158,8,0.0,O53158
UNIPROT:O53164,8,0.0,O53164
UNIPROT:O53166,9,0.1111111111111111,O53166
UNIPROT:O53181,8,0.0,O53181
UNIPROT:O53182,9,0.0,O53182
UNIPROT:O53203,9,0.18181818181818182,O53203
UNIPROT:O53213,10,0.0,O53213
UNIPROT:O53311,8,0.25,O53311
UNIPROT:O53347,9,0.0,O53347
UNIPROT:O53348,10,0.0,O53348
UNIPROT:O53360,8,0.0,O53360
UNIPROT:O53370,9,0.0,O53370
UNIPROT:O53377,9,0.0,O53377
UNIPROT:O53417,9,0.0,O53417
UNIPROT:O53432,8,0.0,O53432
UNIPROT:O53478,9,0.7551020408163265,O53478
UNIPROT:O53488,8,0.0,O53488
UNIPROT:O53493,8,0.125,O53493
UNIPROT:O53498,9,0.0,O53498
UNIPROT:O53508,8,0.0,O53508
UNIPROT:O53538,8,0.0,O53538
UNIPROT:O53553,14,0.0,O53553
UNIPROT:O53577,8,0.0,O53577
UNIPROT:O53580,11,0.0,O53580
UNIPROT:O53582,10,0.0,O53582
UNIPROT:O53585,9,0.0,O53585
UNIPROT:O53611,9,0.0,O53611
UNIPROT:O53633,9,0.0,O53633
UNIPROT:O53639,9,0.0,O53639
UNIPROT:O53645,8,0.0,O53645
UNIPROT:O53666,10,0.2,O53666
UNIPROT:O53670,10,0.0,O53670
UNIPROT:O53674,9,0.0,O53674
UNIPROT:O53708,9,0.0,O53708
UNIPROT:O53720,10,0.0,O53720
UNIPROT:O53781,8,0.125,O53781
UNIPROT:O53874,10,0.0,O53874
UNIPROT:O53900,10,0.23076923076923078,O53900
UNIPROT:O53901,9,0.0,O53901
UNIPROT:O53903,8,0.0,O53903
UNIPROT:O53945,9,0.0,O53945
UNIPROT:O55028,26,0.5423728813559322,O55028
UNIPROT:O55143,55,0.9340659340659341,O55143
UNIPROT:O56232,26,0.09615384615384616,O56232
UNIPROT:O60260,77,0.0,O60260
UNIPROT:O65318,47,0.1588447653429603,O65318
UNIPROT:O65931,10,0.0,O65931
UNIPROT:O65933,10,0.0,O65933
UNIPROT:O65936,8,0.125,O65936
UNIPROT:O69694,9,0.0,O69694
UNIPROT:O69695,9,0.0,O69695
UNIPROT:O69696,11,0.09090909090909091,O69696
UNIPROT:O70370,13,0.07692307692307693,O70370
UNIPROT:O70468,28,0.0,O70468
UNIPROT:O71024,11,0.9090909090909091,O71024
UNIPROT:O75508,11,0.38636363636363635,O75508
UNIPROT:O76823,283,0.051056338028169015,O76823
UNIPROT:O81341,46,0.06578947368421052,O81341
UNIPROT:O81342,49,0.10359712230215827,O81342
UNIPROT:O82040,12,0.0,O82040
UNIPROT:O83867,31,0.25806451612903225,O83867
UNIPROT:O86320,8,0.0,O86320
UNIPROT:O86335,11,0.0,O86335
UNIPROT:O86346,9,0.0,O86346
UNIPROT:O88569,14,0.4107142857142857,O88569
UNIPROT:O89327,78,0.24096385542168675,O89327
UNIPROT:O96522,45,0.018518518518518517,O96522
UNIPROT:O96523,55,0.09090909090909091,O96523
UNIPROT:P00304,17,0.2857142857142857,P00304
UNIPROT:P00441,27,0.0,P00441
UNIPROT:P00451,352,0.3083067092651757,P00451
UNIPROT:P00630,90,0.43956043956043955,P00630
UNIPROT:P00655,40,0.05,P00655
UNIPROT:P00687,14,0.0,P00687
UNIPROT:P00698,26,0.8444444444444444,P00698
UNIPROT:P00711,17,0.5277777777777778,P00711
UNIPROT:P00740,63,0.13043478260869565,P00740
UNIPROT:P00755,13,0.23076923076923078,P00755
UNIPROT:P01005,75,0.2935323383084577,P01005
UNIPROT:P01012,232,0.525987525987526,P01012
UNIPROT:P01136,9,0.0,P01136
UNIPROT:P01266,52,0.417910447761194,P01266
UNIPROT:P01308,186,0.8065789473684211,P01308
UNIPROT:P01325,38,0.6020408163265306,P01325
UNIPROT:P01326,35,0.691358024691358,P01326
UNIPROT:P01556,13,0.45454545454545453,P01556
UNIPROT:P01574,42,0.0,P01574
UNIPROT:P01588,23,0.6521739130434783,P01588
UNIPROT:P01642,18,0.375,P01642
UNIPROT:P01834,9,0.9130434782608695,P01834
UNIPROT:P01837,19,0.05263157894736842,P01837
UNIPROT:P01851,8,0.6388888888888888,P01851
UNIPROT:P01857,11,0.8484848484848485,P01857
UNIPROT:P01887,8,0.6,P01887
UNIPROT:P01889,12,0.5333333333333333,P01889
UNIPROT:P01902,9,0.6818181818181818,P01902
UNIPROT:P01911,42,0.7706422018348624,P01911
UNIPROT:P02229,23,1.0,P02229
UNIPROT:P02458,158,0.4131812420785805,P02458
UNIPROT:P02459,119,0.47,P02459
UNIPROT:P02511,21,0.23076923076923078,P02511
UNIPROT:P02662,75,0.4816753926701571,P02662
UNIPROT:P02663,12,0.4,P02663
UNIPROT:P02666,10,0.0,P02666
UNIPROT:P02668,16,0.06896551724137931,P02668
UNIPROT:P02671,33,0.3819444444444444,P02671
UNIPROT:P02675,23,0.6097560975609756,P02675
UNIPROT:P02686,198,0.8185328185328186,P02686
UNIPROT:P02688,37,0.7013888888888888,P02688
UNIPROT:P02689,8,0.4166666666666667,P02689
UNIPROT:P02699,8,0.4444444444444444,P02699
UNIPROT:P02708,123,0.5436241610738255,P02708
UNIPROT:P02710,69,0.5538461538461539,P02710
UNIPROT:P02718,25,0.2,P02718
UNIPROT:P02754,173,0.1875,P02754
UNIPROT:P02762,35,0.5263157894736842,P02762
UNIPROT:P02769,45,0.5274725274725275,P02769
UNIPROT:P02771,16,0.7297297297297297,P02771
UNIPROT:P02878,9,0.4827586206896552,P02878
UNIPROT:P02879,8,0.75,P02879
UNIPROT:P03072,14,0.9642857142857143,P03072
UNIPROT:P03089,11,0.85,P03089
UNIPROT:P03099,15,0.6875,P03099
UNIPROT:P03101,13,0.8,P03101
UNIPROT:P03114,11,1.0,P03114
UNIPROT:P03119,35,0.4090909090909091,P03119
UNIPROT:P03120,88,0.2896174863387978,P03120
UNIPROT:P03126,124,0.6135458167330677,P03126
UNIPROT:P03129,89,0.4573170731707317,P03129
UNIPROT:P03135,141,0.9504504504504504,P03135
UNIPROT:P03141,164,0.7510288065843621,P03141
UNIPROT:P03148,83,0.6067415730337079,P03148
UNIPROT:P03159,32,0.7045454545454546,P03159
UNIPROT:P03179,14,1.0,P03179
UNIPROT:P03188,10,0.9285714285714286,P03188
UNIPROT:P03204,15,0.8461538461538461,P03204
UNIPROT:P03211,54,0.7336683417085427,P03211
UNIPROT:P03228,17,0.7647058823529411,P03228
UNIPROT:P03230,69,0.12582781456953643,P03230
UNIPROT:P03295,18,0.6785714285714286,P03295
UNIPROT:P03302,57,0.3987341772151899,P03302
UNIPROT:P03305,333,0.3440453686200378,P03305
UNIPROT:P03314,537,0.7665071770334928,P03314
UNIPROT:P03332,16,0.72,P03332
UNIPROT:P03385,25,0.9137931034482759,P03385
UNIPROT:P03415,61,0.03333333333333333,P03415
UNIPROT:P03416,73,0.0273972602739726,P03416
UNIPROT:P03428,75,0.11981566820276497,P03428
UNIPROT:P03431,82,0.4292929292929293,P03431
UNIPROT:P03433,40,0.2988505747126437,P03433
UNIPROT:P03452,802,0.5196041111534069,P03452
UNIPROT:P03460,39,0.9782608695652174,P03460
UNIPROT:P03466,469,0.4428129829984544,P03466
UNIPROT:P03468,280,0.4810344827586207,P03468
UNIPROT:P03485,153,0.7593123209169055,P03485
UNIPROT:P03496,48,0.7835820895522388,P03496
UNIPROT:P03508,8,0.625,P03508
UNIPROT:P03987,12,0.08333333333333333,P03987
UNIPROT:P03995,15,0.8888888888888888,P03995
UNIPROT:P04021,14,0.65,P04021
UNIPROT:P04062,77,0.0,P04062
UNIPROT:P04114,21,0.5737704918032787,P04114
UNIPROT:P04133,83,0.8980582524271845,P04133
UNIPROT:P04156,22,0.4230769230769231,P04156
UNIPROT:P04195,13,0.2777777777777778,P04195
UNIPROT:P04297,22,0.16666666666666666,P04297
UNIPROT:P04298,16,0.21052631578947367,P04298
UNIPROT:P04302,10,0.0,P04302
UNIPROT:P04305,23,0.4230769230769231,P04305
UNIPROT:P04308,12,0.21428571428571427,P04308
UNIPROT:P04312,13,0.0,P04312
UNIPROT:P04318,18,0.1111111111111111,P04318
UNIPROT:P04370,57,0.6217391304347826,P04370
UNIPROT:P04370-5,20,0.7972972972972973,P04370-5
UNIPROT:P04403,27,0.8888888888888888,P04403
UNIPROT:P04591,15,0.9931972789115646,P04591
UNIPROT:P04626,13,0.68,P04626
UNIPROT:P04637,12,0.7384615384615385,P04637
UNIPROT:P04919,77,0.8061224489795918,P04919
UNIPROT:P04925,24,0.4090909090909091,P04925
UNIPROT:P04939,11,0.7777777777777778,P04939
UNIPROT:P04958,832,0.3320713899405084,P04958
UNIPROT:P04977,31,0.8032786885245902,P04977
UNIPROT:P04979,12,0.95,P04979
UNIPROT:P05060,11,0.5483870967741935,P05060
UNIPROT:P05067,33,0.5247148288973384,P05067
UNIPROT:P05106,84,0.36363636363636365,P05106
UNIPROT:P05455,179,0.25,P05455
UNIPROT:P05769,12,0.2857142857142857,P05769
UNIPROT:P05807,12,0.08333333333333333,P05807
UNIPROT:P05997,16,0.0625,P05997
UNIPROT:P06025,38,0.2777777777777778,P06025
UNIPROT:P06198,8,0.5263157894736842,P06198
UNIPROT:P06239,11,1.0,P06239
UNIPROT:P06343,64,0.19444444444444445,P06343
UNIPROT:P06394,12,0.0,P06394
UNIPROT:P06440,20,0.35,P06440
UNIPROT:P06462,25,0.25,P06462
UNIPROT:P06463,27,0.6568627450980392,P06463
UNIPROT:P06731,11,0.38461538461538464,P06731
UNIPROT:P06733,11,0.6666666666666666,P06733
UNIPROT:P06744,27,0.5663716814159292,P06744
UNIPROT:P06788,29,0.3333333333333333,P06788
UNIPROT:P06796,10,0.0,P06796
UNIPROT:P06821,13,0.8695652173913043,P06821
UNIPROT:P06856,12,0.625,P06856
UNIPROT:P06923,14,1.0,P06923
UNIPROT:P06956,9,0.68,P06956
UNIPROT:P07202,127,0.6286644951140065,P07202
UNIPROT:P07239,8,0.25,P07239
UNIPROT:P07240,71,0.2553191489361702,P07240
UNIPROT:P07242,10,0.0,P07242
UNIPROT:P07288,48,0.6142857142857143,P07288
UNIPROT:P07392,17,0.058823529411764705,P07392
UNIPROT:P07510,28,0.4583333333333333,P07510
UNIPROT:P07566,163,0.6996587030716723,P07566
UNIPROT:P07611,13,0.0,P07611
UNIPROT:P07612,15,0.4,P07612
UNIPROT:P07613,9,0.0,P07613
UNIPROT:P07614,17,0.0,P07614
UNIPROT:P07617,11,0.09090909090909091,P07617
UNIPROT:P07722,8,0.3,P07722
UNIPROT:P07724,52,0.5797101449275363,P07724
UNIPROT:P08168,24,0.8278688524590164,P08168
UNIPROT:P08176,57,0.6302521008403361,P08176
UNIPROT:P08292,135,0.6285046728971962,P08292
UNIPROT:P08545,73,0.4975609756097561,P08545
UNIPROT:P08551,51,0.0784313725490196,P08551
UNIPROT:P08583,11,0.09090909090909091,P08583
UNIPROT:P08588,22,0.15384615384615385,P08588
UNIPROT:P08617,230,0.2608695652173913,P08617
UNIPROT:P08621,67,0.8666666666666667,P08621
UNIPROT:P08667,21,0.7115384615384616,P08667
UNIPROT:P08668,8,1.0,P08668
UNIPROT:P08669,9,1.0,P08669
UNIPROT:P08670,44,0.6263345195729537,P08670
UNIPROT:P08686,48,0.7123287671232876,P08686
UNIPROT:P09239,25,0.8333333333333334,P09239
UNIPROT:P09247,11,1.0,P09247
UNIPROT:P09255,11,1.0,P09255
UNIPROT:P09258,11,0.9375,P09258
UNIPROT:P09259,195,0.6168384879725086,P09259
UNIPROT:P09260,17,1.0,P09260
UNIPROT:P09264,125,0.08812260536398467,P09264
UNIPROT:P09269,12,1.0,P09269
UNIPROT:P09272,14,1.0,P09272
UNIPROT:P09280,17,0.058823529411764705,P09280
UNIPROT:P09310,13,0.90625,P09310
UNIPROT:P09543,37,0.3431372549019608,P09543
UNIPROT:P09582,79,0.41304347826086957,P09582
UNIPROT:P09991,91,0.46956521739130436,P09991
UNIPROT:P09992,97,0.1762917933130699,P09992
UNIPROT:P0A0V0,34,0.34782608695652173,P0A0V0
UNIPROT:P0A3R5,12,0.464,P0A3R5
UNIPROT:P0A448,9,0.0,P0A448
UNIPROT:P0A4G2,21,0.1891891891891892,P0A4G2
UNIPROT:P0AEY0,8,0.9411764705882353,P0AEY0
UNIPROT:P0C2J9,39,0.7402597402597403,P0C2J9
UNIPROT:P0C2R0,12,0.0,P0C2R0
UNIPROT:P0C625,16,0.8620689655172413,P0C625
UNIPROT:P0C6J5,18,0.46296296296296297,P0C6J5
UNIPROT:P0C6U2,20,0.05,P0C6U2
UNIPROT:P0C6X1,8,0.5833333333333334,P0C6X1
UNIPROT:P0C6X2,27,0.25,P0C6X2
UNIPROT:P0C6X5,296,0.10666666666666667,P0C6X5
UNIPROT:P0C6X6,550,0.0544464609800363,P0C6X6
UNIPROT:P0C7U7,91,0.7986425339366516,P0C7U7
UNIPROT:P0CL66,60,0.6906474820143885,P0CL66
UNIPROT:P0DH58,14,0.9333333333333333,P0DH58
UNIPROT:P0DKX5,23,0.08695652173913043,P0DKX5
UNIPROT:P0DKX7,18,0.4444444444444444,P0DKX7
UNIPROT:P0DKX9,8,0.25,P0DKX9
UNIPROT:P0DKY0,10,0.3,P0DKY0
UNIPROT:P0DMV8,40,0.6122448979591837,P0DMV8
UNIPROT:P0DOA6,28,0.31666666666666665,P0DOA6
UNIPROT:P0DOH8,19,0.673469387755102,P0DOH8
UNIPROT:P0DOK1,19,0.42105263157894735,P0DOK1
UNIPROT:P0DP02,14,1.0,P0DP02
UNIPROT:P0DPI1,76,0.5378787878787878,P0DPI1
UNIPROT:P0DTC1,32,0.9245283018867925,P0DTC1
UNIPROT:P0DTC2,1516,0.467542875460811,P0DTC2
UNIPROT:P0DTC3,46,0.5895522388059702,P0DTC3
UNIPROT:P0DTC4,24,0.7291666666666666,P0DTC4
UNIPROT:P0DTC5,118,0.7081260364842454,P0DTC5
UNIPROT:P0DTC6,10,0.6451612903225806,P0DTC6
UNIPROT:P0DTC7,19,0.5897435897435898,P0DTC7
UNIPROT:P0DTC8,29,0.7697841726618705,P0DTC8
UNIPROT:P0DTC9,292,0.6153846153846154,P0DTC9
UNIPROT:P0DTD1,387,0.5603448275862069,P0DTD1
UNIPROT:P0DTD2,11,0.2222222222222222,P0DTD2
UNIPROT:P0DTO1,129,0.8836363636363637,P0DTO1
UNIPROT:P0DTO3,56,0.5955056179775281,P0DTO3
UNIPROT:P0DTO5,13,0.9230769230769231,P0DTO5
UNIPROT:P0DTO7,29,0.7586206896551724,P0DTO7
UNIPROT:P0DTO9,52,0.8333333333333334,P0DTO9
UNIPROT:P0DTP1,10,1.0,P0DTP1
UNIPROT:P0DTP3,32,0.8947368421052632,P0DTP3
UNIPROT:P0DTU3,11,0.375,P0DTU3
UNIPROT:P0DXM1,32,0.8055555555555556,P0DXM1
UNIPROT:P0DXM3,40,0.8571428571428571,P0DXM3
UNIPROT:P0DXM5,36,0.7857142857142857,P0DXM5
UNIPROT:P0DXM7,34,0.8108108108108109,P0DXM7
UNIPROT:P10033,25,0.5357142857142857,P10033
UNIPROT:P10155,136,0.40414507772020725,P10155
UNIPROT:P10211,19,0.38235294117647056,P10211
UNIPROT:P10230,28,0.6428571428571429,P10230
UNIPROT:P10324,13,0.5764705882352941,P10324
UNIPROT:P10414,13,0.4375,P10414
UNIPROT:P10515,43,0.6918604651162791,P10515
UNIPROT:P10523,53,0.22033898305084745,P10523
UNIPROT:P10598,13,0.0,P10598
UNIPROT:P10635,57,0.3157894736842105,P10635
UNIPROT:P10636,43,0.6666666666666666,P10636
UNIPROT:P10645,11,0.05555555555555555,P10645
UNIPROT:P10736,16,0.5203252032520326,P10736
UNIPROT:P10745,107,0.45652173913043476,P10745
UNIPROT:P10809,62,0.58,P10809
UNIPROT:P11021,43,0.7383177570093458,P11021
UNIPROT:P11087,34,0.032467532467532464,P11087
UNIPROT:P11158,8,0.0,P11158
UNIPROT:P11224,224,0.07333333333333333,P11224
UNIPROT:P11230,15,1.0,P11230
UNIPROT:P11247,8,0.8545454545454545,P11247
UNIPROT:P11258,26,0.3103448275862069,P11258
UNIPROT:P11387,24,0.8170731707317073,P11387
UNIPROT:P11439,115,0.51434034416826,P11439
UNIPROT:P11590,21,0.5952380952380952,P11590
UNIPROT:P11591,8,0.75,P11591
UNIPROT:P11836,23,0.65625,P11836
UNIPROT:P12255,19,0.8421052631578947,P12255
UNIPROT:P12421,11,0.0,P12421
UNIPROT:P12661,24,0.6748466257668712,P12661
UNIPROT:P12809,21,0.6,P12809
UNIPROT:P12812,18,0.5063291139240507,P12812
UNIPROT:P12848,12,0.2222222222222222,P12848
UNIPROT:P12883,84,0.564935064935065,P12883
UNIPROT:P12923,10,0.0,P12923
UNIPROT:P12924,8,0.0,P12924
UNIPROT:P12926,9,0.0,P12926
UNIPROT:P12927,18,0.05555555555555555,P12927
UNIPROT:P12930,26,0.8292682926829268,P12930
UNIPROT:P13128,200,0.3402061855670103,P13128
UNIPROT:P13423,121,0.48,P13423
UNIPROT:P13533,11,0.047619047619047616,P13533
UNIPROT:P13634,9,0.08333333333333333,P13634
UNIPROT:P13794,27,1.0,P13794
UNIPROT:P13826,60,0.6583629893238434,P13826
UNIPROT:P13828,38,0.24644549763033174,P13828
UNIPROT:P14004,22,0.7380952380952381,P14004
UNIPROT:P14075,40,0.8214285714285714,P14075
UNIPROT:P14240,381,0.0035778175313059034,P14240
UNIPROT:P14283,24,0.631578947368421,P14283
UNIPROT:P14335,494,0.33946700507614214,P14335
UNIPROT:P14336,152,0.5445544554455446,P14336
UNIPROT:P14356,12,0.0,P14356
UNIPROT:P14416,55,0.09693877551020408,P14416
UNIPROT:P14679,18,0.6176470588235294,P14679
UNIPROT:P14946,66,0.6131386861313869,P14946
UNIPROT:P15058,10,0.0,P15058
UNIPROT:P15059,9,0.18181818181818182,P15059
UNIPROT:P15309,54,0.68125,P15309
UNIPROT:P15423,12,0.3225806451612903,P15423
UNIPROT:P15494,108,0.5060449050086355,P15494
UNIPROT:P15917,70,0.5307017543859649,P15917
UNIPROT:P16082,72,0.48,P16082
UNIPROT:P16112,185,0.3524305555555556,P16112
UNIPROT:P16272,13,0.0,P16272
UNIPROT:P16311,10,0.1,P16311
UNIPROT:P16330,49,0.3877551020408163,P16330
UNIPROT:P16391,47,0.38181818181818183,P16391
UNIPROT:P16473,119,0.39344262295081966,P16473
UNIPROT:P16575,29,0.6896551724137931,P16575
UNIPROT:P16712,8,0.4166666666666667,P16712
UNIPROT:P16713,10,0.0,P16713
UNIPROT:P16714,14,0.6451612903225806,P16714
UNIPROT:P16715,135,0.20279720279720279,P16715
UNIPROT:P16913,9,0.0,P16913
UNIPROT:P17182,12,0.0,P17182
UNIPROT:P17313,16,0.75,P17313
UNIPROT:P17365,9,0.0,P17365
UNIPROT:P17369,9,0.0,P17369
UNIPROT:P17371,15,0.06666666666666667,P17371
UNIPROT:P17372,16,0.0,P17372
UNIPROT:P17643,8,0.6818181818181818,P17643
UNIPROT:P18149,12,0.3620689655172414,P18149
UNIPROT:P18211,24,0.4533333333333333,P18211
UNIPROT:P18377,11,0.0,P18377
UNIPROT:P18380,14,0.0,P18380
UNIPROT:P18384,12,0.0,P18384
UNIPROT:P18541,12,0.2222222222222222,P18541
UNIPROT:P18577,66,0.625,P18577
UNIPROT:P18632,136,0.6077844311377245,P18632
UNIPROT:P19228,20,0.175,P19228
UNIPROT:P19421,20,0.43333333333333335,P19421
UNIPROT:P19474,99,0.030303030303030304,P19474
UNIPROT:P19993,63,0.775330396475771,P19993
UNIPROT:P20636,21,0.09523809523809523,P20636
UNIPROT:P20908,29,0.29896907216494845,P20908
UNIPROT:P20917,45,0.5111111111111111,P20917
UNIPROT:P21171,9,0.8387096774193549,P21171
UNIPROT:P21457,9,0.5555555555555556,P21457
UNIPROT:P21550,10,0.0,P21550
UNIPROT:P21604,25,0.07407407407407407,P21604
UNIPROT:P21605,71,0.0684931506849315,P21605
UNIPROT:P21606,21,0.0,P21606
UNIPROT:P21607,13,0.0,P21607
UNIPROT:P21741,16,0.7297297297297297,P21741
UNIPROT:P21860,213,0.20152091254752852,P21860
UNIPROT:P22223,9,0.5263157894736842,P22223
UNIPROT:P22286,13,0.47619047619047616,P22286
UNIPROT:P22290,26,0.7105263157894737,P22290
UNIPROT:P23093,45,0.4095238095238095,P23093
UNIPROT:P23276,23,0.9565217391304348,P23276
UNIPROT:P23371,9,0.775,P23371
UNIPROT:P23372,10,0.0,P23372
UNIPROT:P23492,10,0.0,P23492
UNIPROT:P23504,67,0.8040201005025126,P23504
UNIPROT:P23907,17,0.25,P23907
UNIPROT:P23927,17,0.3333333333333333,P23927
UNIPROT:P24094,37,0.8244274809160306,P24094
UNIPROT:P24158,11,0.25,P24158
UNIPROT:P24301,28,0.9295774647887324,P24301
UNIPROT:P24356,9,0.2,P24356
UNIPROT:P24357,13,0.23076923076923078,P24357
UNIPROT:P24358,21,0.0,P24358
UNIPROT:P24361,8,0.0,P24361
UNIPROT:P24735,42,0.9285714285714286,P24735
UNIPROT:P24757,9,0.0,P24757
UNIPROT:P24758,10,0.0,P24758
UNIPROT:P24759,22,0.36363636363636365,P24759
UNIPROT:P24761,11,0.0,P24761
UNIPROT:P24762,12,0.0,P24762
UNIPROT:P24763,12,0.0,P24763
UNIPROT:P24768,13,0.0,P24768
UNIPROT:P24769,10,0.0,P24769
UNIPROT:P24770,11,0.0,P24770
UNIPROT:P24821,15,0.9245283018867925,P24821
UNIPROT:P25188,61,0.8272425249169435,P25188
UNIPROT:P25189,16,0.27450980392156865,P25189
UNIPROT:P25212,11,0.09090909090909091,P25212
UNIPROT:P25213,8,0.0,P25213
UNIPROT:P26339,16,0.8928571428571429,P26339
UNIPROT:P26664,1440,0.29208371246587805,P26664
UNIPROT:P26670,10,0.0,P26670
UNIPROT:P26671,10,0.0,P26671
UNIPROT:P26673,14,0.0,P26673
UNIPROT:P26948,19,0.6694915254237288,P26948
UNIPROT:P27759,72,0.6835443037974683,P27759
UNIPROT:P27760,9,0.9375,P27760
UNIPROT:P27797,11,0.05,P27797
UNIPROT:P28296,12,0.16666666666666666,P28296
UNIPROT:P28481,39,0.8992805755395683,P28481
UNIPROT:P29191,45,0.043478260869565216,P29191
UNIPROT:P29192,10,0.7948717948717948,P29192
UNIPROT:P29791,148,0.17027863777089783,P29791
UNIPROT:P29826,18,0.5833333333333334,P29826
UNIPROT:P29996,17,0.6111111111111112,P29996
UNIPROT:P30690,18,0.34146341463414637,P30690
UNIPROT:P31025,21,0.43902439024390244,P31025
UNIPROT:P31783,10,0.0,P31783
UNIPROT:P32883,9,0.6,P32883
UNIPROT:P32886,53,1.0,P32886
UNIPROT:P32926,26,0.5405405405405406,P32926
UNIPROT:P33410,9,0.1111111111111111,P33410
UNIPROT:P33469,70,0.2112676056338028,P33469
UNIPROT:P34971,41,0.20588235294117646,P34971
UNIPROT:P35077,13,0.46153846153846156,P35077
UNIPROT:P35253,13,1.0,P35253
UNIPROT:P35419,24,0.125,P35419
UNIPROT:P36222,18,0.9038461538461539,P36222
UNIPROT:P36320,118,0.6136363636363636,P36320
UNIPROT:P36334,229,0.1141732283464567,P36334
UNIPROT:P37840,88,0.41935483870967744,P37840
UNIPROT:P38948,73,0.77,P38948
UNIPROT:P39675,16,0.5625,P39675
UNIPROT:P40108,15,0.06666666666666667,P40108
UNIPROT:P40292,32,0.0,P40292
UNIPROT:P40967,18,0.6774193548387096,P40967
UNIPROT:P41748,9,0.0,P41748
UNIPROT:P42040,15,0.2,P42040
UNIPROT:P43174,10,0.4,P43174
UNIPROT:P43187,10,0.1,P43187
UNIPROT:P43212,200,0.47785547785547783,P43212
UNIPROT:P43213,99,0.24972375690607734,P43213
UNIPROT:P43214,17,0.05454545454545454,P43214
UNIPROT:P43238,87,0.6875,P43238
UNIPROT:P43315,12,0.5,P43315
UNIPROT:P43357,38,0.42696629213483145,P43357
UNIPROT:P43838,11,0.36363636363636365,P43838
UNIPROT:P46075,20,0.0,P46075
UNIPROT:P46419,34,0.17073170731707318,P46419
UNIPROT:P46841,15,0.7021276595744681,P46841
UNIPROT:P48320,33,0.7869822485207101,P48320
UNIPROT:P48787,12,0.0,P48787
UNIPROT:P49273,19,0.4827586206896552,P49273
UNIPROT:P49274,39,0.7317073170731707,P49274
UNIPROT:P49276,19,0.5,P49276
UNIPROT:P49278,38,0.6086956521739131,P49278
UNIPROT:P49372,35,0.22857142857142856,P49372
UNIPROT:P49822,21,0.0,P49822
UNIPROT:P50498,33,0.6181818181818182,P50498
UNIPROT:P50992,20,0.23255813953488372,P50992
UNIPROT:P51752,13,0.3,P51752
UNIPROT:P52446,45,0.7142857142857143,P52446
UNIPROT:P52447,29,0.6206896551724138,P52447
UNIPROT:P52448,46,0.34782608695652173,P52448
UNIPROT:P52449,37,0.918918918918919,P52449
UNIPROT:P52450,86,0.6179775280898876,P52450
UNIPROT:P52451,69,0.5857142857142857,P52451
UNIPROT:P52452,89,0.6808510638297872,P52452
UNIPROT:P52454,79,0.7415730337078652,P52454
UNIPROT:P52457,31,0.5161290322580645,P52457
UNIPROT:P52459,9,0.6,P52459
UNIPROT:P52461,9,0.7,P52461
UNIPROT:P52480,24,0.16666666666666666,P52480
UNIPROT:P52526,32,0.8857142857142857,P52526
UNIPROT:P52530,58,0.5645161290322581,P52530
UNIPROT:P52533,38,0.6097560975609756,P52533
UNIPROT:P52537,66,0.8205128205128205,P52537
UNIPROT:P52538,159,0.6971428571428572,P52538
UNIPROT:P52539,62,0.7910447761194029,P52539
UNIPROT:P52540,95,0.6262626262626263,P52540
UNIPROT:P52541,42,0.30952380952380953,P52541
UNIPROT:P52542,26,0.6153846153846154,P52542
UNIPROT:P52543,106,0.7672413793103449,P52543
UNIPROT:P52544,81,0.49382716049382713,P52544
UNIPROT:P52545,26,0.7407407407407407,P52545
UNIPROT:P52546,24,0.8,P52546
UNIPROT:P52547,10,1.0,P52547
UNIPROT:P52548,34,0.5294117647058824,P52548
UNIPROT:P52549,70,0.6388888888888888,P52549
UNIPROT:P54634,53,0.6470588235294118,P54634
UNIPROT:P54635,32,0.9811320754716981,P54635
UNIPROT:P54958,53,0.020491803278688523,P54958
UNIPROT:P54962,26,0.18867924528301888,P54962
UNIPROT:P55087,129,0.29646017699115046,P55087
UNIPROT:P55088,65,0.14285714285714285,P55088
UNIPROT:P55969,34,0.9482758620689655,P55969
UNIPROT:P56164,12,0.5384615384615384,P56164
UNIPROT:P56865,11,0.0,P56865
UNIPROT:P59594,32,0.7375,P59594
UNIPROT:P59595,49,0.3087248322147651,P59595
UNIPROT:P60201,108,0.6022544283413849,P60201
UNIPROT:P60202,28,0.786144578313253,P60202
UNIPROT:P62314,56,0.4,P62314
UNIPROT:P62315,17,0.36585365853658536,P62315
UNIPROT:P62648,36,0.18518518518518517,P62648
UNIPROT:P62805,29,0.4418604651162791,P62805
UNIPROT:P62806,22,0.75,P62806
UNIPROT:P62807,21,0.18,P62807
UNIPROT:P63038,39,0.4520547945205479,P63038
UNIPROT:P63039,22,0.20588235294117646,P63039
UNIPROT:P63260,14,0.0,P63260
UNIPROT:P65199,15,0.0,P65199
UNIPROT:P65622,18,0.5555555555555556,P65622
UNIPROT:P67875,27,0.6451612903225806,P67875
UNIPROT:P68331,24,0.0,P68331
UNIPROT:P68336,54,0.3829787234042553,P68336
UNIPROT:P68438,13,0.07692307692307693,P68438
UNIPROT:P68440,19,0.7435897435897436,P68440
UNIPROT:P68444,23,0.32,P68444
UNIPROT:P68458,8,0.375,P68458
UNIPROT:P68462,14,0.07142857142857142,P68462
UNIPROT:P68474,9,0.0,P68474
UNIPROT:P68563,12,0.08333333333333333,P68563
UNIPROT:P68593,9,0.1111111111111111,P68593
UNIPROT:P68606,10,0.0,P68606
UNIPROT:P68609,8,0.4166666666666667,P68609
UNIPROT:P68613,9,0.0,P68613
UNIPROT:P68617,41,0.5061728395061729,P68617
UNIPROT:P68619,8,0.0,P68619
UNIPROT:P68623,8,0.0,P68623
UNIPROT:P68631,8,0.0,P68631
UNIPROT:P68633,9,0.5,P68633
UNIPROT:P68698,12,0.0,P68698
UNIPROT:P68710,11,0.4,P68710
UNIPROT:P68716,11,0.0,P68716
UNIPROT:P68720,9,0.0,P68720
UNIPROT:P69596,8,0.5,P69596
UNIPROT:P69687,10,0.5689655172413793,P69687
UNIPROT:P69713,80,0.2616822429906542,P69713
UNIPROT:P69899,62,0.546875,P69899
UNIPROT:P69996,83,0.2376237623762376,P69996
UNIPROT:P71538,8,0.0,P71538
UNIPROT:P71629,10,0.25,P71629
UNIPROT:P71664,8,0.0,P71664
UNIPROT:P71707,9,0.0,P71707
UNIPROT:P71708,8,0.0,P71708
UNIPROT:P71716,8,0.0,P71716
UNIPROT:P71719,9,0.0,P71719
UNIPROT:P71741,9,0.0,P71741
UNIPROT:P71749,8,0.0,P71749
UNIPROT:P71750,10,0.0,P71750
UNIPROT:P71787,8,0.125,P71787
UNIPROT:P71897,8,0.0,P71897
UNIPROT:P71905,9,0.0,P71905
UNIPROT:P71914,9,0.0,P71914
UNIPROT:P72007,8,0.0,P72007
UNIPROT:P72045,9,0.0,P72045
UNIPROT:P75024,19,0.15789473684210525,P75024
UNIPROT:P78358,39,0.8571428571428571,P78358
UNIPROT:P78395,91,0.14893617021276595,P78395
UNIPROT:P79017,13,0.5789473684210527,P79017
UNIPROT:P80195,8,0.0,P80195
UNIPROT:P80384,12,0.5833333333333334,P80384
UNIPROT:P81549,11,0.2727272727272727,P81549
UNIPROT:P82615,18,0.3333333333333333,P82615
UNIPROT:P84751,18,0.5,P84751
UNIPROT:P87184,16,0.0,P87184
UNIPROT:P89468,8,1.0,P89468
UNIPROT:P94996,9,0.0,P94996
UNIPROT:P95029,10,0.0,P95029
UNIPROT:P95059,10,0.0,P95059
UNIPROT:P95072,8,0.0,P95072
UNIPROT:P95141,8,0.0,P95141
UNIPROT:P95147,8,0.0,P95147
UNIPROT:P95149,8,0.0,P95149
UNIPROT:P95223,9,0.0,P95223
UNIPROT:P95228,10,0.0,P95228
UNIPROT:P95277,10,0.0,P95277
UNIPROT:P96202,10,0.1,P96202
UNIPROT:P96218,10,0.23076923076923078,P96218
UNIPROT:P96271,10,0.0,P96271
UNIPROT:P96281,10,0.0,P96281
UNIPROT:P96408,9,0.0,P96408
UNIPROT:P96419,10,0.0,P96419
UNIPROT:P96855,10,0.0,P96855
UNIPROT:P96868,8,0.0,P96868
UNIPROT:P96878,11,0.0,P96878
UNIPROT:P96890,9,0.1,P96890
UNIPROT:P96901,14,0.16666666666666666,P96901
UNIPROT:P96937,8,0.0,P96937
UNIPROT:P97361,16,0.0,P97361
UNIPROT:P98170,10,1.0,P98170
UNIPROT:P9WF23,28,0.13793103448275862,P9WF23
UNIPROT:P9WFC5,11,0.16666666666666666,P9WFC5
UNIPROT:P9WFC7,9,0.0,P9WFC7
UNIPROT:P9WFF1,8,0.0,P9WFF1
UNIPROT:P9WFJ5,10,0.0,P9WFJ5
UNIPROT:P9WFL3,9,0.0,P9WFL3
UNIPROT:P9WFL5,10,0.0,P9WFL5
UNIPROT:P9WFP7,9,0.0,P9WFP7
UNIPROT:P9WFS9,9,0.0,P9WFS9
UNIPROT:P9WFT5,10,0.0,P9WFT5
UNIPROT:P9WFT9,8,0.0,P9WFT9
UNIPROT:P9WFU1,10,0.0,P9WFU1
UNIPROT:P9WFU5,8,0.0,P9WFU5
UNIPROT:P9WFU7,9,0.0,P9WFU7
UNIPROT:P9WFU9,8,0.2,P9WFU9
UNIPROT:P9WFV1,10,0.0,P9WFV1
UNIPROT:P9WFV3,11,0.0,P9WFV3
UNIPROT:P9WFW3,9,0.3333333333333333,P9WFW3
UNIPROT:P9WFW5,8,0.0,P9WFW5
UNIPROT:P9WFW7,10,0.0,P9WFW7
UNIPROT:P9WFX3,8,0.0,P9WFX3
UNIPROT:P9WG25,9,0.0,P9WG25
UNIPROT:P9WG29,52,0.06896551724137931,P9WG29
UNIPROT:P9WG37,8,0.1111111111111111,P9WG37
UNIPROT:P9WG41,9,0.25,P9WG41
UNIPROT:P9WG45,8,0.0,P9WG45
UNIPROT:P9WG47,8,0.0,P9WG47
UNIPROT:P9WG49,9,0.1111111111111111,P9WG49
UNIPROT:P9WG63,11,0.2857142857142857,P9WG63
UNIPROT:P9WG79,8,0.0,P9WG79
UNIPROT:P9WG85,8,0.2,P9WG85
UNIPROT:P9WG91,8,0.0,P9WG91
UNIPROT:P9WGB3,8,0.0,P9WGB3
UNIPROT:P9WGE5,8,0.0,P9WGE5
UNIPROT:P9WGF3,9,0.0,P9WGF3
UNIPROT:P9WGK1,9,0.0,P9WGK1
UNIPROT:P9WGK3,9,0.0,P9WGK3
UNIPROT:P9WGK9,8,0.0,P9WGK9
UNIPROT:P9WGL3,9,0.18181818181818182,P9WGL3
UNIPROT:P9WGP1,10,0.0,P9WGP1
UNIPROT:P9WGP5,9,0.0,P9WGP5
UNIPROT:P9WGS3,8,0.0,P9WGS3
UNIPROT:P9WGT7,8,0.25,P9WGT7
UNIPROT:P9WGU1,73,0.5357142857142857,P9WGU1
UNIPROT:P9WGY7,10,0.1,P9WGY7
UNIPROT:P9WGY9,8,0.0,P9WGY9
UNIPROT:P9WGZ9,8,0.0,P9WGZ9
UNIPROT:P9WH05,8,0.0,P9WH05
UNIPROT:P9WH29,10,0.1,P9WH29
UNIPROT:P9WH37,26,0.1111111111111111,P9WH37
UNIPROT:P9WH39,8,0.0,P9WH39
UNIPROT:P9WH63,10,0.2,P9WH63
UNIPROT:P9WH67,8,0.0,P9WH67
UNIPROT:P9WH75,9,0.0,P9WH75
UNIPROT:P9WH77,10,0.0,P9WH77
UNIPROT:P9WH81,8,0.0,P9WH81
UNIPROT:P9WH87,16,0.0,P9WH87
UNIPROT:P9WHC1,13,0.0,P9WHC1
UNIPROT:P9WHC7,8,0.0,P9WHC7
UNIPROT:P9WHD9,10,0.0,P9WHD9
UNIPROT:P9WHE3,12,0.07692307692307693,P9WHE3
UNIPROT:P9WHE5,11,0.21428571428571427,P9WHE5
UNIPROT:P9WHE7,12,0.3333333333333333,P9WHE7
UNIPROT:P9WHF3,8,0.1111111111111111,P9WHF3
UNIPROT:P9WHG9,9,0.0,P9WHG9
UNIPROT:P9WHJ1,8,0.0,P9WHJ1
UNIPROT:P9WHJ3,10,0.0,P9WHJ3
UNIPROT:P9WHK7,9,0.0,P9WHK7
UNIPROT:P9WHL7,10,0.0,P9WHL7
UNIPROT:P9WHM7,8,0.0,P9WHM7
UNIPROT:P9WHP1,10,0.0,P9WHP1
UNIPROT:P9WHV9,8,0.1111111111111111,P9WHV9
UNIPROT:P9WHW9,27,0.8260869565217391,P9WHW9
UNIPROT:P9WHX5,8,0.125,P9WHX5
UNIPROT:P9WHX7,8,0.125,P9WHX7
UNIPROT:P9WHX9,8,0.25,P9WHX9
UNIPROT:P9WHY9,9,0.7727272727272727,P9WHY9
UNIPROT:P9WHZ3,42,0.4025974025974026,P9WHZ3
UNIPROT:P9WHZ5,112,0.0661764705882353,P9WHZ5
UNIPROT:P9WHZ7,11,0.09090909090909091,P9WHZ7
UNIPROT:P9WI11,11,0.23076923076923078,P9WI11
UNIPROT:P9WI13,57,0.13559322033898305,P9WI13
UNIPROT:P9WI15,9,0.1111111111111111,P9WI15
UNIPROT:P9WI21,8,0.0,P9WI21
UNIPROT:P9WI23,8,0.7272727272727273,P9WI23
UNIPROT:P9WI25,37,0.8333333333333334,P9WI25
UNIPROT:P9WI31,8,0.25,P9WI31
UNIPROT:P9WI37,8,0.0,P9WI37
UNIPROT:P9WI45,8,0.4166666666666667,P9WI45
UNIPROT:P9WI57,9,0.0,P9WI57
UNIPROT:P9WI59,8,0.0,P9WI59
UNIPROT:P9WI61,10,0.0,P9WI61
UNIPROT:P9WI65,10,0.0,P9WI65
UNIPROT:P9WI73,9,0.0,P9WI73
UNIPROT:P9WI79,10,0.0,P9WI79
UNIPROT:P9WI81,9,0.0,P9WI81
UNIPROT:P9WID3,31,0.8064516129032258,P9WID3
UNIPROT:P9WIE5,9,0.0,P9WIE5
UNIPROT:P9WIE7,8,0.1111111111111111,P9WIE7
UNIPROT:P9WIF7,8,0.0,P9WIF7
UNIPROT:P9WIG1,10,0.0,P9WIG1
UNIPROT:P9WIG3,9,0.1,P9WIG3
UNIPROT:P9WIG5,9,0.0,P9WIG5
UNIPROT:P9WIH3,8,0.0,P9WIH3
UNIPROT:P9WIH5,9,0.0,P9WIH5
UNIPROT:P9WIN9,63,0.487012987012987,P9WIN9
UNIPROT:P9WIP1,12,0.5384615384615384,P9WIP1
UNIPROT:P9WIQ9,8,0.0,P9WIQ9
UNIPROT:P9WIR7,31,0.9107142857142857,P9WIR7
UNIPROT:P9WIS5,10,0.0,P9WIS5
UNIPROT:P9WIS7,8,0.1111111111111111,P9WIS7
UNIPROT:P9WIS9,10,0.0,P9WIS9
UNIPROT:P9WIV9,9,0.0,P9WIV9
UNIPROT:P9WIW3,8,0.0,P9WIW3
UNIPROT:P9WIW5,8,0.0,P9WIW5
UNIPROT:P9WIW9,8,0.0,P9WIW9
UNIPROT:P9WIY7,9,0.0,P9WIY7
UNIPROT:P9WJ03,8,0.0,P9WJ03
UNIPROT:P9WJ11,20,0.07407407407407407,P9WJ11
UNIPROT:P9WJ13,11,0.0,P9WJ13
UNIPROT:P9WJ99,10,0.0,P9WJ99
UNIPROT:P9WJC1,9,0.0,P9WJC1
UNIPROT:P9WJC5,10,0.26666666666666666,P9WJC5
UNIPROT:P9WJI1,8,0.0,P9WJI1
UNIPROT:P9WJJ3,10,0.0,P9WJJ3
UNIPROT:P9WJJ9,8,0.0,P9WJJ9
UNIPROT:P9WJK3,10,0.2,P9WJK3
UNIPROT:P9WJK5,9,0.1,P9WJK5
UNIPROT:P9WJK7,9,0.0,P9WJK7
UNIPROT:P9WJP9,8,0.0,P9WJP9
UNIPROT:P9WJQ1,9,0.0,P9WJQ1
UNIPROT:P9WJQ3,9,0.0,P9WJQ3
UNIPROT:P9WJT7,9,0.0,P9WJT7
UNIPROT:P9WJT9,9,0.0,P9WJT9
UNIPROT:P9WJU1,10,0.0,P9WJU1
UNIPROT:P9WJU3,11,0.0,P9WJU3
UNIPROT:P9WJU5,10,0.35714285714285715,P9WJU5
UNIPROT:P9WJU7,9,0.0,P9WJU7
UNIPROT:P9WJV1,12,0.08333333333333333,P9WJV1
UNIPROT:P9WJV3,8,0.0,P9WJV3
UNIPROT:P9WJV5,9,0.0,P9WJV5
UNIPROT:P9WJV7,9,0.0,P9WJV7
UNIPROT:P9WK07,10,0.0,P9WK07
UNIPROT:P9WK17,12,0.08333333333333333,P9WK17
UNIPROT:P9WK23,10,0.0,P9WK23
UNIPROT:P9WK25,8,0.0,P9WK25
UNIPROT:P9WK29,8,0.75,P9WK29
UNIPROT:P9WK37,9,0.0,P9WK37
UNIPROT:P9WK61,36,0.4044943820224719,P9WK61
UNIPROT:P9WK65,15,0.6,P9WK65
UNIPROT:P9WKB5,8,0.0,P9WKB5
UNIPROT:P9WKF3,9,0.0,P9WKF3
UNIPROT:P9WKI7,8,0.0,P9WKI7
UNIPROT:P9WKJ5,9,0.0,P9WKJ5
UNIPROT:P9WKK1,10,0.0,P9WKK1
UNIPROT:P9WKN1,8,0.0,P9WKN1
UNIPROT:P9WKP7,8,0.0,P9WKP7
UNIPROT:P9WKZ5,8,0.0,P9WKZ5
UNIPROT:P9WL21,9,0.0,P9WL21
UNIPROT:P9WL97,10,0.16666666666666666,P9WL97
UNIPROT:P9WLA9,8,0.0,P9WLA9
UNIPROT:P9WLI3,8,0.0,P9WLI3
UNIPROT:P9WLJ1,10,0.09090909090909091,P9WLJ1
UNIPROT:P9WLK7,10,0.0,P9WLK7
UNIPROT:P9WLM1,10,0.0,P9WLM1
UNIPROT:P9WLQ9,10,0.0,P9WLQ9
UNIPROT:P9WLS1,24,0.041666666666666664,P9WLS1
UNIPROT:P9WLS9,22,0.8333333333333334,P9WLS9
UNIPROT:P9WLZ7,9,0.0,P9WLZ7
UNIPROT:P9WM11,8,0.0,P9WM11
UNIPROT:P9WM13,8,0.0,P9WM13
UNIPROT:P9WM41,10,0.0,P9WM41
UNIPROT:P9WM61,8,0.0,P9WM61
UNIPROT:P9WM63,9,0.0,P9WM63
UNIPROT:P9WMG1,10,0.09090909090909091,P9WMG1
UNIPROT:P9WMJ7,11,0.09090909090909091,P9WMJ7
UNIPROT:P9WMJ9,49,0.3,P9WMJ9
UNIPROT:P9WMK1,20,0.6882716049382716,P9WMK1
UNIPROT:P9WMP9,10,0.0,P9WMP9
UNIPROT:P9WMQ1,10,0.0,P9WMQ1
UNIPROT:P9WMQ3,9,0.0,P9WMQ3
UNIPROT:P9WMQ5,9,0.0,P9WMQ5
UNIPROT:P9WMQ9,10,0.0,P9WMQ9
UNIPROT:P9WMR1,8,0.0,P9WMR1
UNIPROT:P9WMR3,9,0.0,P9WMR3
UNIPROT:P9WMR5,8,0.0,P9WMR5
UNIPROT:P9WMV7,9,0.0,P9WMV7
UNIPROT:P9WMV9,9,0.0,P9WMV9
UNIPROT:P9WMW1,9,0.0,P9WMW1
UNIPROT:P9WN03,8,0.0,P9WN03
UNIPROT:P9WN13,10,0.0,P9WN13
UNIPROT:P9WN15,11,0.16666666666666666,P9WN15
UNIPROT:P9WN27,9,0.0,P9WN27
UNIPROT:P9WN29,10,0.0,P9WN29
UNIPROT:P9WN33,10,0.0,P9WN33
UNIPROT:P9WN45,10,0.0,P9WN45
UNIPROT:P9WN49,9,0.0,P9WN49
UNIPROT:P9WN53,9,0.0,P9WN53
UNIPROT:P9WN69,8,0.0,P9WN69
UNIPROT:P9WN73,8,0.0,P9WN73
UNIPROT:P9WN79,9,0.0,P9WN79
UNIPROT:P9WN81,8,0.0,P9WN81
UNIPROT:P9WN83,9,0.36363636363636365,P9WN83
UNIPROT:P9WN91,9,0.0,P9WN91
UNIPROT:P9WN99,8,0.125,P9WN99
UNIPROT:P9WNA3,8,0.0,P9WNA3
UNIPROT:P9WNA5,9,0.0,P9WNA5
UNIPROT:P9WNA7,10,0.0,P9WNA7
UNIPROT:P9WNA9,11,0.6363636363636364,P9WNA9
UNIPROT:P9WNB1,9,0.0,P9WNB1
UNIPROT:P9WNB3,10,0.0,P9WNB3
UNIPROT:P9WNF3,15,0.88,P9WNF3
UNIPROT:P9WNF5,41,0.49411764705882355,P9WNF5
UNIPROT:P9WNI3,16,0.2857142857142857,P9WNI3
UNIPROT:P9WNI9,11,0.851063829787234,P9WNI9
UNIPROT:P9WNJ1,11,0.35,P9WNJ1
UNIPROT:P9WNJ3,18,0.2972972972972973,P9WNJ3
UNIPROT:P9WNK3,40,0.7547169811320755,P9WNK3
UNIPROT:P9WNK5,73,0.8235294117647058,P9WNK5
UNIPROT:P9WNK7,62,0.8511166253101737,P9WNK7
UNIPROT:P9WNL5,10,0.0,P9WNL5
UNIPROT:P9WNL7,9,0.0,P9WNL7
UNIPROT:P9WNL9,9,0.1111111111111111,P9WNL9
UNIPROT:P9WNM5,8,0.0,P9WNM5
UNIPROT:P9WNM7,8,0.0,P9WNM7
UNIPROT:P9WNM9,9,0.0,P9WNM9
UNIPROT:P9WNQ5,9,0.2222222222222222,P9WNQ5
UNIPROT:P9WNQ9,8,0.0,P9WNQ9
UNIPROT:P9WNS3,10,0.0,P9WNS3
UNIPROT:P9WNT5,10,0.0,P9WNT5
UNIPROT:P9WNT7,10,0.0,P9WNT7
UNIPROT:P9WNT9,8,0.0,P9WNT9
UNIPROT:P9WNU5,10,0.1,P9WNU5
UNIPROT:P9WNU9,8,0.0,P9WNU9
UNIPROT:P9WNV3,9,0.0,P9WNV3
UNIPROT:P9WNW1,9,0.0,P9WNW1
UNIPROT:P9WNW3,8,0.0,P9WNW3
UNIPROT:P9WNX7,8,0.0,P9WNX7
UNIPROT:P9WP37,8,0.0,P9WP37
UNIPROT:P9WP47,10,0.1,P9WP47
UNIPROT:P9WP71,8,0.0,P9WP71
UNIPROT:P9WP77,9,0.1111111111111111,P9WP77
UNIPROT:P9WP79,8,0.0,P9WP79
UNIPROT:P9WPC9,10,0.0,P9WPC9
UNIPROT:P9WPD1,8,0.0,P9WPD1
UNIPROT:P9WPE5,24,0.746268656716418,P9WPE5
UNIPROT:P9WPE7,195,0.46614173228346456,P9WPE7
UNIPROT:P9WPE9,8,0.0,P9WPE9
UNIPROT:P9WPH7,9,0.0,P9WPH7
UNIPROT:P9WPH9,8,0.0,P9WPH9
UNIPROT:P9WPI1,9,0.0,P9WPI1
UNIPROT:P9WPI3,8,0.0,P9WPI3
UNIPROT:P9WPK1,8,0.0,P9WPK1
UNIPROT:P9WPQ3,9,0.0,P9WPQ3
UNIPROT:P9WPR3,8,0.0,P9WPR3
UNIPROT:P9WPR7,8,0.0,P9WPR7
UNIPROT:P9WPS3,10,0.0,P9WPS3
UNIPROT:P9WPS5,10,0.1,P9WPS5
UNIPROT:P9WPS7,10,0.0,P9WPS7
UNIPROT:P9WPS9,10,0.1,P9WPS9
UNIPROT:P9WPT1,10,0.0,P9WPT1
UNIPROT:P9WPT3,9,0.0,P9WPT3
UNIPROT:P9WPT5,9,0.0,P9WPT5
UNIPROT:P9WPT7,9,0.0,P9WPT7
UNIPROT:P9WPT9,8,0.0,P9WPT9
UNIPROT:P9WPU1,9,0.0,P9WPU1
UNIPROT:P9WPU3,10,0.0,P9WPU3
UNIPROT:P9WQ17,9,0.0,P9WQ17
UNIPROT:P9WQ19,8,0.0,P9WQ19
UNIPROT:P9WQ21,10,0.0,P9WQ21
UNIPROT:P9WQ25,9,0.0,P9WQ25
UNIPROT:P9WQ37,8,0.0,P9WQ37
UNIPROT:P9WQ41,8,0.0,P9WQ41
UNIPROT:P9WQ43,8,0.0,P9WQ43
UNIPROT:P9WQ45,8,0.0,P9WQ45
UNIPROT:P9WQ47,8,0.0,P9WQ47
UNIPROT:P9WQ51,8,0.0,P9WQ51
UNIPROT:P9WQ57,8,0.0,P9WQ57
UNIPROT:P9WQ59,9,0.1111111111111111,P9WQ59
UNIPROT:P9WQ61,8,0.0,P9WQ61
UNIPROT:P9WQ63,10,0.0,P9WQ63
UNIPROT:P9WQ85,9,0.0,P9WQ85
UNIPROT:P9WQB3,9,0.0,P9WQB3
UNIPROT:P9WQD1,10,0.0,P9WQD1
UNIPROT:P9WQE1,10,0.0,P9WQE1
UNIPROT:P9WQE3,10,0.0,P9WQE3
UNIPROT:P9WQE5,11,0.0,P9WQE5
UNIPROT:P9WQE7,8,0.0,P9WQE7
UNIPROT:P9WQE9,8,0.36363636363636365,P9WQE9
UNIPROT:P9WQF7,10,0.0,P9WQF7
UNIPROT:P9WQH7,8,0.0,P9WQH7
UNIPROT:P9WQI7,10,0.0,P9WQI7
UNIPROT:P9WQI9,10,0.0,P9WQI9
UNIPROT:P9WQJ1,9,0.0,P9WQJ1
UNIPROT:P9WQJ3,8,0.0,P9WQJ3
UNIPROT:P9WQJ5,9,0.0,P9WQJ5
UNIPROT:P9WQJ7,9,0.1111111111111111,P9WQJ7
UNIPROT:P9WQJ9,11,0.09090909090909091,P9WQJ9
UNIPROT:P9WQK7,9,0.0,P9WQK7
UNIPROT:P9WQL5,9,0.3333333333333333,P9WQL5
UNIPROT:P9WQM5,8,0.25,P9WQM5
UNIPROT:P9WQN3,9,0.38461538461538464,P9WQN3
UNIPROT:P9WQN5,8,0.0,P9WQN5
UNIPROT:P9WQN7,30,0.05555555555555555,P9WQN7
UNIPROT:P9WQN9,34,0.21428571428571427,P9WQN9
UNIPROT:P9WQP1,157,0.5196211096075778,P9WQP1
UNIPROT:P9WQP3,108,0.3726851851851852,P9WQP3
UNIPROT:Q00855,11,0.3333333333333333,Q00855
UNIPROT:Q00987,8,0.5625,Q00987
UNIPROT:Q01149,19,0.05405405405405406,Q01149
UNIPROT:Q01218,18,0.25,Q01218
UNIPROT:Q01221,10,0.0,Q01221
UNIPROT:Q01222,22,0.0,Q01222
UNIPROT:Q01223,10,0.0,Q01223
UNIPROT:Q01225,49,0.0,Q01225
UNIPROT:Q01226,11,0.0,Q01226
UNIPROT:Q01227,72,0.5327868852459017,Q01227
UNIPROT:Q01453,9,0.5294117647058824,Q01453
UNIPROT:Q01455,31,0.2903225806451613,Q01455
UNIPROT:Q01499,12,0.5882352941176471,Q01499
UNIPROT:Q01955,74,0.6090534979423868,Q01955
UNIPROT:Q02161,55,0.39338235294117646,Q02161
UNIPROT:Q02218,169,0.0,Q02218
UNIPROT:Q02566,71,0.4354243542435424,Q02566
UNIPROT:Q04695,12,0.9285714285714286,Q04695
UNIPROT:Q04844,35,0.47368421052631576,Q04844
UNIPROT:Q05084,10,0.36,Q05084
UNIPROT:Q05110,51,0.34951456310679613,Q05110
UNIPROT:Q05320,26,0.9310344827586207,Q05320
UNIPROT:Q05329,236,0.684449489216799,Q05329
UNIPROT:Q05B92,20,0.0,Q05B92
UNIPROT:Q07001,36,0.3023255813953488,Q07001
UNIPROT:Q08407,9,1.0,Q08407
UNIPROT:Q09KA1,19,0.06578947368421052,Q09KA1
UNIPROT:Q09KA2,15,0.05,Q09KA2
UNIPROT:Q0GM57,19,0.7948717948717948,Q0GM57
UNIPROT:Q0P5H7,40,0.0,Q0P5H7
UNIPROT:Q10690,8,0.0,Q10690
UNIPROT:Q10896,10,0.0,Q10896
UNIPROT:Q11028,8,0.0,Q11028
UNIPROT:Q12797,11,0.9696969696969697,Q12797
UNIPROT:Q13018,14,0.8986866791744841,Q13018
UNIPROT:Q13421,10,1.0,Q13421
UNIPROT:Q13641,43,0.989010989010989,Q13641
UNIPROT:Q13813,41,0.018633540372670808,Q13813
UNIPROT:Q13875,17,0.6082474226804123,Q13875
UNIPROT:Q14324,12,0.08333333333333333,Q14324
UNIPROT:Q14896,24,0.05263157894736842,Q14896
UNIPROT:Q16518,21,0.14285714285714285,Q16518
UNIPROT:Q16653,80,0.8054862842892768,Q16653
UNIPROT:Q16655,8,0.6551724137931034,Q16655
UNIPROT:Q16849,111,0.5308056872037915,Q16849
UNIPROT:Q17ST3,13,0.7692307692307693,Q17ST3
UNIPROT:Q1A7B1,26,0.1452991452991453,Q1A7B1
UNIPROT:Q1A7B2,33,0.01834862385321101,Q1A7B2
UNIPROT:Q1A7B3,18,0.05,Q1A7B3
UNIPROT:Q23939,47,0.0784313725490196,Q23939
UNIPROT:Q25640,16,0.0,Q25640
UNIPROT:Q27401,19,0.15789473684210525,Q27401
UNIPROT:Q28050,8,0.0,Q28050
UNIPROT:Q28133,8,0.6666666666666666,Q28133
UNIPROT:Q2FFT0,10,0.90625,Q2FFT0
UNIPROT:Q2HXW9,46,0.021739130434782608,Q2HXW9
UNIPROT:Q2HZF2,57,0.17543859649122806,Q2HZF2
UNIPROT:Q2I6V7,80,0.011764705882352941,Q2I6V7
UNIPROT:Q2KN23,8,0.25,Q2KN23
UNIPROT:Q2KN25,15,0.06666666666666667,Q2KN25
UNIPROT:Q2KN26,8,0.25,Q2KN26
UNIPROT:Q2L7A6,81,0.10493827160493827,Q2L7A6
UNIPROT:Q2L7C5,15,0.6333333333333333,Q2L7C5
UNIPROT:Q2YDL5,12,0.0,Q2YDL5
UNIPROT:Q30154,10,0.8461538461538461,Q30154
UNIPROT:Q33E94,28,0.22857142857142856,Q33E94
UNIPROT:Q3MHX1,13,0.0,Q3MHX1
UNIPROT:Q3Y8M6,27,0.8625954198473282,Q3Y8M6
UNIPROT:Q40237,22,0.5416666666666666,Q40237
UNIPROT:Q40240,9,0.3333333333333333,Q40240
UNIPROT:Q402I5,32,0.9645390070921985,Q402I5
UNIPROT:Q40960,52,0.14136125654450263,Q40960
UNIPROT:Q40962,11,0.9607843137254902,Q40962
UNIPROT:Q40963,49,0.7867647058823529,Q40963
UNIPROT:Q40967,24,0.051075268817204304,Q40967
UNIPROT:Q45340,10,0.7,Q45340
UNIPROT:Q45388,8,0.0,Q45388
UNIPROT:Q45389,9,0.0,Q45389
UNIPROT:Q46409,36,0.5679012345679012,Q46409
UNIPROT:Q4DX15,11,1.0,Q4DX15
UNIPROT:Q4JK70,12,0.8333333333333334,Q4JK70
UNIPROT:Q4JK71,32,0.625,Q4JK71
UNIPROT:Q4Q7Y7,65,0.2484076433121019,Q4Q7Y7
UNIPROT:Q4QHH2,77,0.5248868778280543,Q4QHH2
UNIPROT:Q50631,9,0.0,Q50631
UNIPROT:Q50732,9,0.0,Q50732
UNIPROT:Q57XH3,52,0.34328358208955223,Q57XH3
UNIPROT:Q5FW60,10,0.5909090909090909,Q5FW60
UNIPROT:Q5MQD0,11,0.5714285714285714,Q5MQD0
UNIPROT:Q5S007,71,0.0,Q5S007
UNIPROT:Q5TIW3,18,0.0,Q5TIW3
UNIPROT:Q5ZQK5,49,0.016602809706257982,Q5ZQK5
UNIPROT:Q60771,42,0.6307692307692307,Q60771
UNIPROT:Q61885,91,0.8481532147742818,Q61885
UNIPROT:Q62376,11,0.7575757575757576,Q62376
UNIPROT:Q62471,13,0.038461538461538464,Q62471
UNIPROT:Q63345,63,0.465625,Q63345
UNIPROT:Q63ID0,11,1.0,Q63ID0
UNIPROT:Q63JW5,37,1.0,Q63JW5
UNIPROT:Q63K35,34,1.0,Q63K35
UNIPROT:Q63K41,20,1.0,Q63K41
UNIPROT:Q63K73,8,1.0,Q63K73
UNIPROT:Q63KH5,24,1.0,Q63KH5
UNIPROT:Q63MW8,36,1.0,Q63MW8
UNIPROT:Q63N20,11,1.0,Q63N20
UNIPROT:Q63RA7,14,1.0,Q63RA7
UNIPROT:Q63RZ9,19,1.0,Q63RZ9
UNIPROT:Q63T73,17,0.7192982456140351,Q63T73
UNIPROT:Q63UZ9,13,1.0,Q63UZ9
UNIPROT:Q63W89,18,1.0,Q63W89
UNIPROT:Q63WH0,26,1.0,Q63WH0
UNIPROT:Q63YA8,22,1.0,Q63YA8
UNIPROT:Q65LP7,62,0.016129032258064516,Q65LP7
UNIPROT:Q65MX0,114,0.02631578947368421,Q65MX0
UNIPROT:Q66405,17,0.8823529411764706,Q66405
UNIPROT:Q66478,75,0.02666666666666667,Q66478
UNIPROT:Q66765,9,0.6666666666666666,Q66765
UNIPROT:Q68871,18,0.7941176470588235,Q68871
UNIPROT:Q69091,70,0.7184466019417476,Q69091
UNIPROT:Q69467,133,0.5,Q69467
UNIPROT:Q69B42,21,0.15210355987055016,Q69B42
UNIPROT:Q6LAG9,21,0.0,Q6LAG9
UNIPROT:Q6MWW0,9,0.1111111111111111,Q6MWW0
UNIPROT:Q6MWW9,10,0.1,Q6MWW9
UNIPROT:Q6MWX1,10,0.6666666666666666,Q6MWX1
UNIPROT:Q6MWX5,9,0.0,Q6MWX5
UNIPROT:Q6MWX8,8,0.0,Q6MWX8
UNIPROT:Q6MWX9,8,0.0,Q6MWX9
UNIPROT:Q6MWY0,8,0.0,Q6MWY0
UNIPROT:Q6MWY2,9,0.0,Q6MWY2
UNIPROT:Q6MX15,9,0.0,Q6MX15
UNIPROT:Q6MX28,9,0.0,Q6MX28
UNIPROT:Q6MX34,8,0.0,Q6MX34
UNIPROT:Q6MX48,10,0.0,Q6MX48
UNIPROT:Q6MX50,8,0.1111111111111111,Q6MX50
UNIPROT:Q6NK15,43,0.7340425531914894,Q6NK15
UNIPROT:Q6PSU2,9,0.5882352941176471,Q6PSU2
UNIPROT:Q6Q1R8,55,0.05454545454545454,Q6Q1R8
UNIPROT:Q6Q1R9,27,0.48148148148148145,Q6Q1R9
UNIPROT:Q6Q1S2,206,0.14912280701754385,Q6Q1S2
UNIPROT:Q6SW29,15,0.95,Q6SW29
UNIPROT:Q6SW59,291,0.43333333333333335,Q6SW59
UNIPROT:Q6SW67,15,0.8260869565217391,Q6SW67
UNIPROT:Q6SW99,8,1.0,Q6SW99
UNIPROT:Q6TV11,17,0.5277777777777778,Q6TV11
UNIPROT:Q6WVQ0,23,0.41304347826086957,Q6WVQ0
UNIPROT:Q6Y2F9,40,0.0,Q6Y2F9
UNIPROT:Q6ZWY9,23,0.3939393939393939,Q6ZWY9
UNIPROT:Q71SP0,12,0.9285714285714286,Q71SP0
UNIPROT:Q76LX8,14,0.5,Q76LX8
UNIPROT:Q76NM2,64,0.3854166666666667,Q76NM2
UNIPROT:Q76ZL3,10,0.3333333333333333,Q76ZL3
UNIPROT:Q76ZN5,10,0.1,Q76ZN5
UNIPROT:Q76ZP7,15,0.3157894736842105,Q76ZP7
UNIPROT:Q76ZQ3,10,0.0,Q76ZQ3
UNIPROT:Q76ZQ4,9,0.0,Q76ZQ4
UNIPROT:Q77JT5,9,1.0,Q77JT5
UNIPROT:Q77PU6,151,0.7283950617283951,Q77PU6
UNIPROT:Q77YG2,39,0.24705882352941178,Q77YG2
UNIPROT:Q786F2,51,0.32038834951456313,Q786F2
UNIPROT:Q786F3,99,0.5142857142857142,Q786F3
UNIPROT:Q79FD4,9,0.1,Q79FD4
UNIPROT:Q79FI8,11,0.09090909090909091,Q79FI8
UNIPROT:Q79FI9,11,0.16666666666666666,Q79FI9
UNIPROT:Q79FJ9,9,0.0,Q79FJ9
UNIPROT:Q79FK4,21,0.2857142857142857,Q79FK4
UNIPROT:Q79FL8,10,0.1,Q79FL8
UNIPROT:Q79FN7,8,0.125,Q79FN7
UNIPROT:Q79FP2,12,0.07692307692307693,Q79FP2
UNIPROT:Q79FS5,8,0.1111111111111111,Q79FS5
UNIPROT:Q79FT0,8,0.0,Q79FT0
UNIPROT:Q79FT3,9,0.0,Q79FT3
UNIPROT:Q79FU3,10,0.0,Q79FU3
UNIPROT:Q79FV3,9,0.0,Q79FV3
UNIPROT:Q79FV6,10,0.23076923076923078,Q79FV6
UNIPROT:Q79FV7,10,0.0,Q79FV7
UNIPROT:Q79FW5,9,0.0,Q79FW5
UNIPROT:Q79FW8,10,0.0,Q79FW8
UNIPROT:Q79FY7,11,0.36363636363636365,Q79FY7
UNIPROT:Q79GE1,10,0.0,Q79GE1
UNIPROT:Q79GF3,13,0.5384615384615384,Q79GF3
UNIPROT:Q79GM9,12,0.4166666666666667,Q79GM9
UNIPROT:Q79GN7,11,0.09090909090909091,Q79GN7
UNIPROT:Q79GP0,11,0.0,Q79GP0
UNIPROT:Q79GP6,47,0.06382978723404255,Q79GP6
UNIPROT:Q79GQ6,9,0.0,Q79GQ6
UNIPROT:Q79GQ9,9,0.0,Q79GQ9
UNIPROT:Q79GR3,12,0.16666666666666666,Q79GR3
UNIPROT:Q79GR5,14,0.42857142857142855,Q79GR5
UNIPROT:Q79GR6,9,0.0,Q79GR6
UNIPROT:Q79GT7,8,0.0,Q79GT7
UNIPROT:Q79H38,11,0.0,Q79H38
UNIPROT:Q79H50,8,0.0,Q79H50
UNIPROT:Q79H51,19,0.0,Q79H51
UNIPROT:Q7K740,212,0.7334348819497334,Q7K740
UNIPROT:Q7KQK5,19,1.0,Q7KQK5
UNIPROT:Q7M1E7,55,0.5,Q7M1E7
UNIPROT:Q7RGC6,27,0.22857142857142856,Q7RGC6
UNIPROT:Q7T9D9,9,0.8888888888888888,Q7T9D9
UNIPROT:Q7TTN9,13,0.15384615384615385,Q7TTN9
UNIPROT:Q7U357,19,0.0,Q7U357
UNIPROT:Q7U362,15,0.13333333333333333,Q7U362
UNIPROT:Q7U365,8,0.0,Q7U365
UNIPROT:Q7VRX7,12,0.0,Q7VRX7
UNIPROT:Q7VRY1,11,0.09090909090909091,Q7VRY1
UNIPROT:Q7VRY2,15,0.2,Q7VRY2
UNIPROT:Q7VRY4,10,0.2,Q7VRY4
UNIPROT:Q7VRY5,8,0.0,Q7VRY5
UNIPROT:Q7VRY7,13,0.23076923076923078,Q7VRY7
UNIPROT:Q7VRY9,13,0.0,Q7VRY9
UNIPROT:Q7VRZ0,10,0.0,Q7VRZ0
UNIPROT:Q7VRZ3,15,0.0,Q7VRZ3
UNIPROT:Q7VRZ5,12,0.08333333333333333,Q7VRZ5
UNIPROT:Q7VRZ8,13,0.0,Q7VRZ8
UNIPROT:Q7VS07,8,0.25,Q7VS07
UNIPROT:Q7VS08,19,0.0,Q7VS08
UNIPROT:Q7VS09,9,0.2222222222222222,Q7VS09
UNIPROT:Q7VS10,10,0.0,Q7VS10
UNIPROT:Q7VS13,13,0.0,Q7VS13
UNIPROT:Q7VS18,9,0.0,Q7VS18
UNIPROT:Q7VS21,8,0.125,Q7VS21
UNIPROT:Q7VS22,12,0.0,Q7VS22
UNIPROT:Q7VS23,8,0.125,Q7VS23
UNIPROT:Q7VS26,8,0.125,Q7VS26
UNIPROT:Q7VS28,8,0.0,Q7VS28
UNIPROT:Q7VS29,10,0.0,Q7VS29
UNIPROT:Q7VS31,11,0.0,Q7VS31
UNIPROT:Q7VS32,16,0.0625,Q7VS32
UNIPROT:Q7VS35,10,0.1,Q7VS35
UNIPROT:Q7VS41,8,0.0,Q7VS41
UNIPROT:Q7VS51,9,0.2222222222222222,Q7VS51
UNIPROT:Q7VS59,11,0.0,Q7VS59
UNIPROT:Q7VS63,8,0.0,Q7VS63
UNIPROT:Q7VS69,13,0.07692307692307693,Q7VS69
UNIPROT:Q7VS72,16,0.125,Q7VS72
UNIPROT:Q7VS75,8,0.0,Q7VS75
UNIPROT:Q7VS78,8,0.125,Q7VS78
UNIPROT:Q7VS82,9,0.0,Q7VS82
UNIPROT:Q7VS87,8,0.125,Q7VS87
UNIPROT:Q7VSA4,13,0.15384615384615385,Q7VSA4
UNIPROT:Q7VSA5,11,0.0,Q7VSA5
UNIPROT:Q7VSA6,9,0.0,Q7VSA6
UNIPROT:Q7VSA8,16,0.25,Q7VSA8
UNIPROT:Q7VSD5,9,0.5555555555555556,Q7VSD5
UNIPROT:Q7VSE0,12,0.16666666666666666,Q7VSE0
UNIPROT:Q7VSE1,10,0.0,Q7VSE1
UNIPROT:Q7VSE2,12,0.0,Q7VSE2
UNIPROT:Q7VSE4,9,0.1111111111111111,Q7VSE4
UNIPROT:Q7VSF2,13,0.07692307692307693,Q7VSF2
UNIPROT:Q7VSG5,16,0.0,Q7VSG5
UNIPROT:Q7VSG6,26,0.07692307692307693,Q7VSG6
UNIPROT:Q7VSG9,23,0.0,Q7VSG9
UNIPROT:Q7VSH1,8,0.0,Q7VSH1
UNIPROT:Q7VSH5,9,0.0,Q7VSH5
UNIPROT:Q7VSH6,8,0.0,Q7VSH6
UNIPROT:Q7VSI1,10,0.0,Q7VSI1
UNIPROT:Q7VSI6,15,0.0,Q7VSI6
UNIPROT:Q7VSI7,21,0.0,Q7VSI7
UNIPROT:Q7VSI8,11,0.0,Q7VSI8
UNIPROT:Q7VSJ2,12,0.0,Q7VSJ2
UNIPROT:Q7VSJ6,9,0.1111111111111111,Q7VSJ6
UNIPROT:Q7VSJ9,12,0.16666666666666666,Q7VSJ9
UNIPROT:Q7VSK0,8,0.0,Q7VSK0
UNIPROT:Q7VSK2,9,0.0,Q7VSK2
UNIPROT:Q7VSK7,17,0.11764705882352941,Q7VSK7
UNIPROT:Q7VSK8,8,0.0,Q7VSK8
UNIPROT:Q7VSK9,19,0.3157894736842105,Q7VSK9
UNIPROT:Q7VSL1,17,0.0,Q7VSL1
UNIPROT:Q7VSL5,10,0.0,Q7VSL5
UNIPROT:Q7VSM2,8,0.25,Q7VSM2
UNIPROT:Q7VSM4,10,0.2,Q7VSM4
UNIPROT:Q7VSM6,16,0.0,Q7VSM6
UNIPROT:Q7VSN6,10,0.0,Q7VSN6
UNIPROT:Q7VSP5,17,0.0,Q7VSP5
UNIPROT:Q7VSP6,11,0.0,Q7VSP6
UNIPROT:Q7VSQ3,9,0.1111111111111111,Q7VSQ3
UNIPROT:Q7VSQ4,9,0.1111111111111111,Q7VSQ4
UNIPROT:Q7VSQ9,20,0.0,Q7VSQ9
UNIPROT:Q7VSR0,9,0.0,Q7VSR0
UNIPROT:Q7VSR2,8,0.0,Q7VSR2
UNIPROT:Q7VSR4,11,0.18181818181818182,Q7VSR4
UNIPROT:Q7VSR6,10,0.2,Q7VSR6
UNIPROT:Q7VSR7,12,0.08333333333333333,Q7VSR7
UNIPROT:Q7VSR8,12,0.0,Q7VSR8
UNIPROT:Q7VSS3,9,0.0,Q7VSS3
UNIPROT:Q7VSS4,10,0.0,Q7VSS4
UNIPROT:Q7VSS5,9,0.0,Q7VSS5
UNIPROT:Q7VST9,10,0.1,Q7VST9
UNIPROT:Q7VSU0,8,0.25,Q7VSU0
UNIPROT:Q7VSU2,16,0.125,Q7VSU2
UNIPROT:Q7VSU3,22,0.18181818181818182,Q7VSU3
UNIPROT:Q7VSU5,13,0.23076923076923078,Q7VSU5
UNIPROT:Q7VSU8,16,0.3125,Q7VSU8
UNIPROT:Q7VSV0,8,0.375,Q7VSV0
UNIPROT:Q7VSV7,10,0.0,Q7VSV7
UNIPROT:Q7VSV8,27,0.0,Q7VSV8
UNIPROT:Q7VSV9,28,0.2857142857142857,Q7VSV9
UNIPROT:Q7VSW0,9,0.0,Q7VSW0
UNIPROT:Q7VSW5,13,0.3076923076923077,Q7VSW5
UNIPROT:Q7VSW6,17,0.17647058823529413,Q7VSW6
UNIPROT:Q7VSW9,14,0.0,Q7VSW9
UNIPROT:Q7VSX8,11,0.45454545454545453,Q7VSX8
UNIPROT:Q7VSX9,19,0.5263157894736842,Q7VSX9
UNIPROT:Q7VSY0,12,0.0,Q7VSY0
UNIPROT:Q7VSZ3,8,0.0,Q7VSZ3
UNIPROT:Q7VSZ5,13,0.0,Q7VSZ5
UNIPROT:Q7VT04,33,0.0,Q7VT04
UNIPROT:Q7VT09,9,0.2222222222222222,Q7VT09
UNIPROT:Q7VT10,8,0.25,Q7VT10
UNIPROT:Q7VT11,22,0.09090909090909091,Q7VT11
UNIPROT:Q7VT14,23,0.0,Q7VT14
UNIPROT:Q7VT17,12,0.0,Q7VT17
UNIPROT:Q7VT21,9,0.3333333333333333,Q7VT21
UNIPROT:Q7VT22,13,0.15384615384615385,Q7VT22
UNIPROT:Q7VT27,9,0.1111111111111111,Q7VT27
UNIPROT:Q7VT28,17,0.0,Q7VT28
UNIPROT:Q7VT29,9,0.0,Q7VT29
UNIPROT:Q7VT30,8,0.0,Q7VT30
UNIPROT:Q7VT36,12,0.0,Q7VT36
UNIPROT:Q7VT37,11,0.0,Q7VT37
UNIPROT:Q7VT38,12,0.16666666666666666,Q7VT38
UNIPROT:Q7VT40,9,0.0,Q7VT40
UNIPROT:Q7VT41,10,0.0,Q7VT41
UNIPROT:Q7VT51,11,0.36363636363636365,Q7VT51
UNIPROT:Q7VT52,12,0.3333333333333333,Q7VT52
UNIPROT:Q7VT53,9,0.3333333333333333,Q7VT53
UNIPROT:Q7VT54,8,0.125,Q7VT54
UNIPROT:Q7VT68,8,0.0,Q7VT68
UNIPROT:Q7VT70,8,0.0,Q7VT70
UNIPROT:Q7VT71,12,0.0,Q7VT71
UNIPROT:Q7VT74,9,0.2222222222222222,Q7VT74
UNIPROT:Q7VT76,27,0.18518518518518517,Q7VT76
UNIPROT:Q7VT77,10,0.0,Q7VT77
UNIPROT:Q7VT78,11,0.0,Q7VT78
UNIPROT:Q7VT80,10,0.3,Q7VT80
UNIPROT:Q7VT85,10,0.0,Q7VT85
UNIPROT:Q7VT87,13,0.6923076923076923,Q7VT87
UNIPROT:Q7VT89,15,0.2,Q7VT89
UNIPROT:Q7VT90,16,0.0,Q7VT90
UNIPROT:Q7VT92,9,0.0,Q7VT92
UNIPROT:Q7VT95,14,0.07142857142857142,Q7VT95
UNIPROT:Q7VT98,12,0.3333333333333333,Q7VT98
UNIPROT:Q7VT99,16,0.125,Q7VT99
UNIPROT:Q7VTA3,13,0.15384615384615385,Q7VTA3
UNIPROT:Q7VTA4,17,0.47058823529411764,Q7VTA4
UNIPROT:Q7VTB1,15,0.13333333333333333,Q7VTB1
UNIPROT:Q7VTD5,12,0.9166666666666666,Q7VTD5
UNIPROT:Q7VTD8,16,0.0,Q7VTD8
UNIPROT:Q7VTE0,8,0.375,Q7VTE0
UNIPROT:Q7VTE7,9,0.4444444444444444,Q7VTE7
UNIPROT:Q7VTE8,22,0.2727272727272727,Q7VTE8
UNIPROT:Q7VTF3,16,0.0,Q7VTF3
UNIPROT:Q7VTF7,11,0.0,Q7VTF7
UNIPROT:Q7VTG0,11,0.0,Q7VTG0
UNIPROT:Q7VTG5,8,0.25,Q7VTG5
UNIPROT:Q7VTG6,10,0.0,Q7VTG6
UNIPROT:Q7VTG7,12,0.0,Q7VTG7
UNIPROT:Q7VTH0,28,0.0,Q7VTH0
UNIPROT:Q7VTH1,13,0.0,Q7VTH1
UNIPROT:Q7VTH7,10,0.1,Q7VTH7
UNIPROT:Q7VTI1,18,0.05555555555555555,Q7VTI1
UNIPROT:Q7VTJ5,10,0.2,Q7VTJ5
UNIPROT:Q7VTJ8,8,0.25,Q7VTJ8
UNIPROT:Q7VTK0,17,0.4117647058823529,Q7VTK0
UNIPROT:Q7VTK1,11,0.0,Q7VTK1
UNIPROT:Q7VTK5,10,0.2,Q7VTK5
UNIPROT:Q7VTK8,9,0.4444444444444444,Q7VTK8
UNIPROT:Q7VTK9,9,0.3333333333333333,Q7VTK9
UNIPROT:Q7VTL0,14,0.21428571428571427,Q7VTL0
UNIPROT:Q7VTL1,8,0.0,Q7VTL1
UNIPROT:Q7VTL8,10,0.2,Q7VTL8
UNIPROT:Q7VTM0,14,0.0,Q7VTM0
UNIPROT:Q7VTM2,11,0.18181818181818182,Q7VTM2
UNIPROT:Q7VTM3,11,0.36363636363636365,Q7VTM3
UNIPROT:Q7VTM8,14,0.5,Q7VTM8
UNIPROT:Q7VTP0,9,0.6666666666666666,Q7VTP0
UNIPROT:Q7VTP1,9,0.5555555555555556,Q7VTP1
UNIPROT:Q7VTP6,14,0.21428571428571427,Q7VTP6
UNIPROT:Q7VTP8,15,0.06666666666666667,Q7VTP8
UNIPROT:Q7VTQ4,8,0.0,Q7VTQ4
UNIPROT:Q7VTQ5,11,0.0,Q7VTQ5
UNIPROT:Q7VTQ6,8,0.125,Q7VTQ6
UNIPROT:Q7VTQ7,9,0.1111111111111111,Q7VTQ7
UNIPROT:Q7VTQ8,16,0.125,Q7VTQ8
UNIPROT:Q7VTS2,42,0.047619047619047616,Q7VTS2
UNIPROT:Q7VTS6,9,0.0,Q7VTS6
UNIPROT:Q7VTS8,13,0.07692307692307693,Q7VTS8
UNIPROT:Q7VTT1,16,0.0625,Q7VTT1
UNIPROT:Q7VTT2,11,0.45454545454545453,Q7VTT2
UNIPROT:Q7VTT4,9,0.3333333333333333,Q7VTT4
UNIPROT:Q7VTU1,10,0.0,Q7VTU1
UNIPROT:Q7VTU7,9,0.0,Q7VTU7
UNIPROT:Q7VTU9,13,0.07692307692307693,Q7VTU9
UNIPROT:Q7VTV6,12,0.4166666666666667,Q7VTV6
UNIPROT:Q7VTV8,8,0.125,Q7VTV8
UNIPROT:Q7VTW0,14,0.42857142857142855,Q7VTW0
UNIPROT:Q7VTW6,10,0.1,Q7VTW6
UNIPROT:Q7VTY1,8,0.0,Q7VTY1
UNIPROT:Q7VTY5,15,0.0,Q7VTY5
UNIPROT:Q7VTZ8,9,0.0,Q7VTZ8
UNIPROT:Q7VU03,8,0.0,Q7VU03
UNIPROT:Q7VU06,13,0.23076923076923078,Q7VU06
UNIPROT:Q7VU08,14,0.5,Q7VU08
UNIPROT:Q7VU12,10,0.0,Q7VU12
UNIPROT:Q7VU13,12,0.0,Q7VU13
UNIPROT:Q7VU14,11,0.2727272727272727,Q7VU14
UNIPROT:Q7VU18,10,0.1,Q7VU18
UNIPROT:Q7VU19,11,0.18181818181818182,Q7VU19
UNIPROT:Q7VU27,10,0.3,Q7VU27
UNIPROT:Q7VU35,12,0.4166666666666667,Q7VU35
UNIPROT:Q7VU36,12,0.16666666666666666,Q7VU36
UNIPROT:Q7VU39,12,0.0,Q7VU39
UNIPROT:Q7VU40,10,0.0,Q7VU40
UNIPROT:Q7VU50,13,0.23076923076923078,Q7VU50
UNIPROT:Q7VU53,9,0.2222222222222222,Q7VU53
UNIPROT:Q7VU59,12,0.0,Q7VU59
UNIPROT:Q7VU64,12,0.0,Q7VU64
UNIPROT:Q7VU69,8,0.0,Q7VU69
UNIPROT:Q7VU74,10,0.2,Q7VU74
UNIPROT:Q7VU81,10,0.1,Q7VU81
UNIPROT:Q7VU82,36,0.3333333333333333,Q7VU82
UNIPROT:Q7VU84,10,0.0,Q7VU84
UNIPROT:Q7VU85,8,0.125,Q7VU85
UNIPROT:Q7VU86,9,0.4444444444444444,Q7VU86
UNIPROT:Q7VU88,12,0.16666666666666666,Q7VU88
UNIPROT:Q7VU94,8,0.0,Q7VU94
UNIPROT:Q7VU95,20,0.05,Q7VU95
UNIPROT:Q7VU97,9,0.1111111111111111,Q7VU97
UNIPROT:Q7VU98,22,0.13636363636363635,Q7VU98
UNIPROT:Q7VUA0,10,0.0,Q7VUA0
UNIPROT:Q7VUA7,8,0.125,Q7VUA7
UNIPROT:Q7VUB5,9,0.1111111111111111,Q7VUB5
UNIPROT:Q7VUB6,14,0.42857142857142855,Q7VUB6
UNIPROT:Q7VUC2,14,0.7142857142857143,Q7VUC2
UNIPROT:Q7VUD3,12,0.08333333333333333,Q7VUD3
UNIPROT:Q7VUD6,10,0.3,Q7VUD6
UNIPROT:Q7VUD7,13,0.07692307692307693,Q7VUD7
UNIPROT:Q7VUD8,9,0.2222222222222222,Q7VUD8
UNIPROT:Q7VUE0,8,0.125,Q7VUE0
UNIPROT:Q7VUE1,9,0.0,Q7VUE1
UNIPROT:Q7VUE3,9,0.0,Q7VUE3
UNIPROT:Q7VUE6,14,0.35714285714285715,Q7VUE6
UNIPROT:Q7VUE8,12,0.0,Q7VUE8
UNIPROT:Q7VUF0,10,0.3,Q7VUF0
UNIPROT:Q7VUF3,13,0.0,Q7VUF3
UNIPROT:Q7VUF4,11,0.09090909090909091,Q7VUF4
UNIPROT:Q7VUF7,8,0.125,Q7VUF7
UNIPROT:Q7VUG0,15,0.13333333333333333,Q7VUG0
UNIPROT:Q7VUG3,10,0.0,Q7VUG3
UNIPROT:Q7VUG5,13,0.0,Q7VUG5
UNIPROT:Q7VUG7,8,0.0,Q7VUG7
UNIPROT:Q7VUG8,9,0.0,Q7VUG8
UNIPROT:Q7VUH8,18,0.3333333333333333,Q7VUH8
UNIPROT:Q7VUH9,14,0.6428571428571429,Q7VUH9
UNIPROT:Q7VUI4,13,0.0,Q7VUI4
UNIPROT:Q7VUI8,9,0.0,Q7VUI8
UNIPROT:Q7VUJ5,12,0.0,Q7VUJ5
UNIPROT:Q7VUJ6,11,0.0,Q7VUJ6
UNIPROT:Q7VUJ9,9,0.0,Q7VUJ9
UNIPROT:Q7VUK2,8,0.0,Q7VUK2
UNIPROT:Q7VUK5,14,0.0,Q7VUK5
UNIPROT:Q7VUK9,9,0.2222222222222222,Q7VUK9
UNIPROT:Q7VUL0,8,0.25,Q7VUL0
UNIPROT:Q7VUL9,10,0.0,Q7VUL9
UNIPROT:Q7VUM2,8,0.5,Q7VUM2
UNIPROT:Q7VUM3,13,0.23076923076923078,Q7VUM3
UNIPROT:Q7VUM6,8,0.0,Q7VUM6
UNIPROT:Q7VUN0,10,0.0,Q7VUN0
UNIPROT:Q7VUN1,14,0.0,Q7VUN1
UNIPROT:Q7VUN6,8,0.0,Q7VUN6
UNIPROT:Q7VUP4,8,0.0,Q7VUP4
UNIPROT:Q7VUP8,12,0.0,Q7VUP8
UNIPROT:Q7VUP9,15,0.6,Q7VUP9
UNIPROT:Q7VUQ0,12,0.16666666666666666,Q7VUQ0
UNIPROT:Q7VUQ1,9,0.0,Q7VUQ1
UNIPROT:Q7VUQ2,11,0.0,Q7VUQ2
UNIPROT:Q7VUQ6,9,0.2222222222222222,Q7VUQ6
UNIPROT:Q7VUQ7,8,0.0,Q7VUQ7
UNIPROT:Q7VUR2,13,0.0,Q7VUR2
UNIPROT:Q7VUR4,11,0.09090909090909091,Q7VUR4
UNIPROT:Q7VUR7,8,0.625,Q7VUR7
UNIPROT:Q7VUT6,11,0.18181818181818182,Q7VUT6
UNIPROT:Q7VUT8,11,0.0,Q7VUT8
UNIPROT:Q7VUU0,10,0.0,Q7VUU0
UNIPROT:Q7VUU1,14,0.21428571428571427,Q7VUU1
UNIPROT:Q7VUU4,14,0.21428571428571427,Q7VUU4
UNIPROT:Q7VUU6,15,0.26666666666666666,Q7VUU6
UNIPROT:Q7VUU8,15,0.3333333333333333,Q7VUU8
UNIPROT:Q7VUU9,9,0.2222222222222222,Q7VUU9
UNIPROT:Q7VUV2,13,0.23076923076923078,Q7VUV2
UNIPROT:Q7VUW5,10,0.2,Q7VUW5
UNIPROT:Q7VUX4,14,0.35714285714285715,Q7VUX4
UNIPROT:Q7VUX6,8,0.0,Q7VUX6
UNIPROT:Q7VUY0,11,0.0,Q7VUY0
UNIPROT:Q7VUY3,19,0.0,Q7VUY3
UNIPROT:Q7VUY4,11,0.0,Q7VUY4
UNIPROT:Q7VUY7,16,0.0,Q7VUY7
UNIPROT:Q7VUY9,11,0.18181818181818182,Q7VUY9
UNIPROT:Q7VUZ3,12,0.0,Q7VUZ3
UNIPROT:Q7VUZ4,10,0.1,Q7VUZ4
UNIPROT:Q7VUZ5,8,0.0,Q7VUZ5
UNIPROT:Q7VV06,53,0.018867924528301886,Q7VV06
UNIPROT:Q7VV08,9,0.0,Q7VV08
UNIPROT:Q7VV12,8,0.125,Q7VV12
UNIPROT:Q7VV20,10,0.0,Q7VV20
UNIPROT:Q7VV25,15,0.0,Q7VV25
UNIPROT:Q7VV32,8,0.0,Q7VV32
UNIPROT:Q7VV33,9,0.0,Q7VV33
UNIPROT:Q7VV36,15,0.06666666666666667,Q7VV36
UNIPROT:Q7VV38,11,0.0,Q7VV38
UNIPROT:Q7VV44,18,0.16666666666666666,Q7VV44
UNIPROT:Q7VV49,12,0.0,Q7VV49
UNIPROT:Q7VV57,14,0.0,Q7VV57
UNIPROT:Q7VV62,9,0.0,Q7VV62
UNIPROT:Q7VV63,11,0.0,Q7VV63
UNIPROT:Q7VV70,8,0.125,Q7VV70
UNIPROT:Q7VV73,11,0.0,Q7VV73
UNIPROT:Q7VV75,14,0.07142857142857142,Q7VV75
UNIPROT:Q7VV78,11,0.0,Q7VV78
UNIPROT:Q7VV80,8,0.125,Q7VV80
UNIPROT:Q7VV82,12,0.08333333333333333,Q7VV82
UNIPROT:Q7VV87,12,0.3333333333333333,Q7VV87
UNIPROT:Q7VV94,11,0.2727272727272727,Q7VV94
UNIPROT:Q7VV95,15,0.26666666666666666,Q7VV95
UNIPROT:Q7VV97,10,0.4,Q7VV97
UNIPROT:Q7VVA1,11,0.09090909090909091,Q7VVA1
UNIPROT:Q7VVA8,12,0.0,Q7VVA8
UNIPROT:Q7VVB7,9,0.0,Q7VVB7
UNIPROT:Q7VVC2,25,0.04,Q7VVC2
UNIPROT:Q7VVC3,13,0.0,Q7VVC3
UNIPROT:Q7VVC4,19,0.0,Q7VVC4
UNIPROT:Q7VVC5,16,0.0,Q7VVC5
UNIPROT:Q7VVC8,22,0.0,Q7VVC8
UNIPROT:Q7VVD0,14,0.0,Q7VVD0
UNIPROT:Q7VVD1,13,0.0,Q7VVD1
UNIPROT:Q7VVD2,8,0.0,Q7VVD2
UNIPROT:Q7VVD3,10,0.0,Q7VVD3
UNIPROT:Q7VVD4,11,0.0,Q7VVD4
UNIPROT:Q7VVE0,18,0.1111111111111111,Q7VVE0
UNIPROT:Q7VVE1,21,0.047619047619047616,Q7VVE1
UNIPROT:Q7VVE6,8,0.0,Q7VVE6
UNIPROT:Q7VVE8,19,0.0,Q7VVE8
UNIPROT:Q7VVF2,10,0.1,Q7VVF2
UNIPROT:Q7VVF3,11,0.0,Q7VVF3
UNIPROT:Q7VVF7,16,0.0,Q7VVF7
UNIPROT:Q7VVG4,12,0.0,Q7VVG4
UNIPROT:Q7VVG7,11,0.0,Q7VVG7
UNIPROT:Q7VVH2,8,0.125,Q7VVH2
UNIPROT:Q7VVH3,8,0.0,Q7VVH3
UNIPROT:Q7VVH4,14,0.0,Q7VVH4
UNIPROT:Q7VVH6,17,0.058823529411764705,Q7VVH6
UNIPROT:Q7VVI4,8,0.125,Q7VVI4
UNIPROT:Q7VVI7,10,0.0,Q7VVI7
UNIPROT:Q7VVI9,12,0.16666666666666666,Q7VVI9
UNIPROT:Q7VVJ0,9,0.0,Q7VVJ0
UNIPROT:Q7VVJ1,13,0.0,Q7VVJ1
UNIPROT:Q7VVJ2,27,0.18518518518518517,Q7VVJ2
UNIPROT:Q7VVJ6,8,0.0,Q7VVJ6
UNIPROT:Q7VVK8,10,0.0,Q7VVK8
UNIPROT:Q7VVK9,9,0.0,Q7VVK9
UNIPROT:Q7VVL1,8,0.375,Q7VVL1
UNIPROT:Q7VVL4,10,0.3,Q7VVL4
UNIPROT:Q7VVM1,11,0.0,Q7VVM1
UNIPROT:Q7VVM4,12,0.16666666666666666,Q7VVM4
UNIPROT:Q7VVM6,8,0.125,Q7VVM6
UNIPROT:Q7VVM8,19,0.0,Q7VVM8
UNIPROT:Q7VVN0,9,0.0,Q7VVN0
UNIPROT:Q7VVN3,11,0.18181818181818182,Q7VVN3
UNIPROT:Q7VVN6,15,0.26666666666666666,Q7VVN6
UNIPROT:Q7VVN7,9,0.0,Q7VVN7
UNIPROT:Q7VVN8,12,0.0,Q7VVN8
UNIPROT:Q7VVN9,8,0.0,Q7VVN9
UNIPROT:Q7VVP5,19,0.0,Q7VVP5
UNIPROT:Q7VVP6,10,0.1,Q7VVP6
UNIPROT:Q7VVQ0,15,0.26666666666666666,Q7VVQ0
UNIPROT:Q7VVQ1,13,0.3076923076923077,Q7VVQ1
UNIPROT:Q7VVQ2,10,0.0,Q7VVQ2
UNIPROT:Q7VVQ3,13,0.0,Q7VVQ3
UNIPROT:Q7VVR0,11,0.0,Q7VVR0
UNIPROT:Q7VVR5,10,0.9,Q7VVR5
UNIPROT:Q7VVS5,8,0.375,Q7VVS5
UNIPROT:Q7VVS8,13,0.23076923076923078,Q7VVS8
UNIPROT:Q7VVT5,20,0.2,Q7VVT5
UNIPROT:Q7VVT8,13,0.0,Q7VVT8
UNIPROT:Q7VVU3,13,0.23076923076923078,Q7VVU3
UNIPROT:Q7VVU5,10,0.3,Q7VVU5
UNIPROT:Q7VVU7,13,0.6153846153846154,Q7VVU7
UNIPROT:Q7VVU8,8,0.75,Q7VVU8
UNIPROT:Q7VVV1,8,0.0,Q7VVV1
UNIPROT:Q7VVV2,12,0.3333333333333333,Q7VVV2
UNIPROT:Q7VVW1,13,0.0,Q7VVW1
UNIPROT:Q7VVW2,8,0.0,Q7VVW2
UNIPROT:Q7VVW4,8,0.125,Q7VVW4
UNIPROT:Q7VVW5,10,0.2,Q7VVW5
UNIPROT:Q7VVW6,8,0.125,Q7VVW6
UNIPROT:Q7VVW7,8,0.75,Q7VVW7
UNIPROT:Q7VVW9,18,0.2222222222222222,Q7VVW9
UNIPROT:Q7VVX4,12,0.0,Q7VVX4
UNIPROT:Q7VVX5,8,0.0,Q7VVX5
UNIPROT:Q7VVX6,9,0.0,Q7VVX6
UNIPROT:Q7VVX7,8,0.125,Q7VVX7
UNIPROT:Q7VVY4,18,0.3333333333333333,Q7VVY4
UNIPROT:Q7VVY7,8,0.5,Q7VVY7
UNIPROT:Q7VVZ4,13,0.0,Q7VVZ4
UNIPROT:Q7VVZ6,24,0.0,Q7VVZ6
UNIPROT:Q7VVZ8,16,0.1875,Q7VVZ8
UNIPROT:Q7VVZ9,21,0.0,Q7VVZ9
UNIPROT:Q7VW01,17,0.0,Q7VW01
UNIPROT:Q7VW05,19,0.10526315789473684,Q7VW05
UNIPROT:Q7VW07,8,0.0,Q7VW07
UNIPROT:Q7VW08,8,0.125,Q7VW08
UNIPROT:Q7VW13,11,0.0,Q7VW13
UNIPROT:Q7VW14,11,0.5454545454545454,Q7VW14
UNIPROT:Q7VW17,21,0.23809523809523808,Q7VW17
UNIPROT:Q7VW19,13,0.6923076923076923,Q7VW19
UNIPROT:Q7VW22,10,0.0,Q7VW22
UNIPROT:Q7VW25,8,0.0,Q7VW25
UNIPROT:Q7VW38,8,0.0,Q7VW38
UNIPROT:Q7VW40,8,0.125,Q7VW40
UNIPROT:Q7VW45,9,0.0,Q7VW45
UNIPROT:Q7VW49,9,0.1111111111111111,Q7VW49
UNIPROT:Q7VW50,8,0.125,Q7VW50
UNIPROT:Q7VW59,10,0.0,Q7VW59
UNIPROT:Q7VW62,10,0.2,Q7VW62
UNIPROT:Q7VW70,10,0.1,Q7VW70
UNIPROT:Q7VW71,10,0.0,Q7VW71
UNIPROT:Q7VW72,13,0.0,Q7VW72
UNIPROT:Q7VW76,9,0.3333333333333333,Q7VW76
UNIPROT:Q7VW81,11,0.36363636363636365,Q7VW81
UNIPROT:Q7VW88,18,0.16666666666666666,Q7VW88
UNIPROT:Q7VW91,8,0.625,Q7VW91
UNIPROT:Q7VW93,8,0.375,Q7VW93
UNIPROT:Q7VW99,8,0.5,Q7VW99
UNIPROT:Q7VWA4,9,0.2222222222222222,Q7VWA4
UNIPROT:Q7VWA6,13,0.38461538461538464,Q7VWA6
UNIPROT:Q7VWA7,8,0.375,Q7VWA7
UNIPROT:Q7VWA9,21,0.0,Q7VWA9
UNIPROT:Q7VWB3,9,0.1111111111111111,Q7VWB3
UNIPROT:Q7VWB4,14,0.07142857142857142,Q7VWB4
UNIPROT:Q7VWB5,11,0.09090909090909091,Q7VWB5
UNIPROT:Q7VWB8,9,0.1111111111111111,Q7VWB8
UNIPROT:Q7VWB9,9,0.1111111111111111,Q7VWB9
UNIPROT:Q7VWC0,9,0.1111111111111111,Q7VWC0
UNIPROT:Q7VWC2,9,0.0,Q7VWC2
UNIPROT:Q7VWC3,9,0.0,Q7VWC3
UNIPROT:Q7VWC5,13,0.0,Q7VWC5
UNIPROT:Q7VWC6,22,0.045454545454545456,Q7VWC6
UNIPROT:Q7VWC7,8,0.0,Q7VWC7
UNIPROT:Q7VWC8,23,0.043478260869565216,Q7VWC8
UNIPROT:Q7VWD3,11,0.0,Q7VWD3
UNIPROT:Q7VWD8,18,0.0,Q7VWD8
UNIPROT:Q7VWD9,14,0.0,Q7VWD9
UNIPROT:Q7VWE2,11,0.0,Q7VWE2
UNIPROT:Q7VWE8,8,0.0,Q7VWE8
UNIPROT:Q7VWF0,12,0.8333333333333334,Q7VWF0
UNIPROT:Q7VWF1,18,0.3888888888888889,Q7VWF1
UNIPROT:Q7VWF5,11,0.09090909090909091,Q7VWF5
UNIPROT:Q7VWG0,9,0.2222222222222222,Q7VWG0
UNIPROT:Q7VWG1,9,0.2222222222222222,Q7VWG1
UNIPROT:Q7VWG2,16,0.125,Q7VWG2
UNIPROT:Q7VWG3,10,0.3,Q7VWG3
UNIPROT:Q7VWG4,13,0.15384615384615385,Q7VWG4
UNIPROT:Q7VWG5,8,0.25,Q7VWG5
UNIPROT:Q7VWG6,9,0.1111111111111111,Q7VWG6
UNIPROT:Q7VWG9,15,0.26666666666666666,Q7VWG9
UNIPROT:Q7VWH0,14,0.07142857142857142,Q7VWH0
UNIPROT:Q7VWH1,9,0.1111111111111111,Q7VWH1
UNIPROT:Q7VWH2,12,0.0,Q7VWH2
UNIPROT:Q7VWH5,9,0.3333333333333333,Q7VWH5
UNIPROT:Q7VWH6,9,0.1111111111111111,Q7VWH6
UNIPROT:Q7VWH7,17,0.17647058823529413,Q7VWH7
UNIPROT:Q7VWI0,8,0.0,Q7VWI0
UNIPROT:Q7VWI7,8,0.0,Q7VWI7
UNIPROT:Q7VWI8,17,0.17647058823529413,Q7VWI8
UNIPROT:Q7VWI9,28,0.21428571428571427,Q7VWI9
UNIPROT:Q7VWJ3,8,0.25,Q7VWJ3
UNIPROT:Q7VWJ5,20,0.4,Q7VWJ5
UNIPROT:Q7VWJ8,10,0.2,Q7VWJ8
UNIPROT:Q7VWK3,9,0.0,Q7VWK3
UNIPROT:Q7VWK4,13,0.0,Q7VWK4
UNIPROT:Q7VWK6,18,0.05555555555555555,Q7VWK6
UNIPROT:Q7VWL4,14,0.14285714285714285,Q7VWL4
UNIPROT:Q7VWL9,8,0.25,Q7VWL9
UNIPROT:Q7VWM4,17,0.11764705882352941,Q7VWM4
UNIPROT:Q7VWM7,16,0.0,Q7VWM7
UNIPROT:Q7VWM8,13,0.0,Q7VWM8
UNIPROT:Q7VWN1,12,0.0,Q7VWN1
UNIPROT:Q7VWN4,12,0.08333333333333333,Q7VWN4
UNIPROT:Q7VWN9,8,0.0,Q7VWN9
UNIPROT:Q7VWP1,9,0.0,Q7VWP1
UNIPROT:Q7VWP5,14,0.0,Q7VWP5
UNIPROT:Q7VWP6,8,0.0,Q7VWP6
UNIPROT:Q7VWP8,8,0.0,Q7VWP8
UNIPROT:Q7VWQ2,12,0.16666666666666666,Q7VWQ2
UNIPROT:Q7VWQ8,20,0.1,Q7VWQ8
UNIPROT:Q7VWR1,9,0.2222222222222222,Q7VWR1
UNIPROT:Q7VWR3,24,0.125,Q7VWR3
UNIPROT:Q7VWR5,18,0.05555555555555555,Q7VWR5
UNIPROT:Q7VWR9,8,0.25,Q7VWR9
UNIPROT:Q7VWS0,10,0.3,Q7VWS0
UNIPROT:Q7VWS1,13,0.15384615384615385,Q7VWS1
UNIPROT:Q7VWS6,8,0.125,Q7VWS6
UNIPROT:Q7VWT5,13,0.07692307692307693,Q7VWT5
UNIPROT:Q7VWT9,9,0.1111111111111111,Q7VWT9
UNIPROT:Q7VWU1,9,0.2222222222222222,Q7VWU1
UNIPROT:Q7VWU3,8,0.0,Q7VWU3
UNIPROT:Q7VWV2,10,0.0,Q7VWV2
UNIPROT:Q7VWV6,8,0.125,Q7VWV6
UNIPROT:Q7VWV7,11,0.0,Q7VWV7
UNIPROT:Q7VWW1,27,0.25925925925925924,Q7VWW1
UNIPROT:Q7VWX2,8,0.75,Q7VWX2
UNIPROT:Q7VWX3,13,0.6923076923076923,Q7VWX3
UNIPROT:Q7VWX7,9,0.3333333333333333,Q7VWX7
UNIPROT:Q7VWX8,9,0.2222222222222222,Q7VWX8
UNIPROT:Q7VWY0,15,0.2,Q7VWY0
UNIPROT:Q7VWY3,17,0.35294117647058826,Q7VWY3
UNIPROT:Q7VWY5,8,0.125,Q7VWY5
UNIPROT:Q7VWY6,16,0.5,Q7VWY6
UNIPROT:Q7VWZ6,9,0.2222222222222222,Q7VWZ6
UNIPROT:Q7VWZ7,8,0.875,Q7VWZ7
UNIPROT:Q7VX00,11,0.18181818181818182,Q7VX00
UNIPROT:Q7VX01,12,0.16666666666666666,Q7VX01
UNIPROT:Q7VX06,8,0.0,Q7VX06
UNIPROT:Q7VX12,19,0.05263157894736842,Q7VX12
UNIPROT:Q7VX22,11,0.0,Q7VX22
UNIPROT:Q7VX23,13,0.07692307692307693,Q7VX23
UNIPROT:Q7VX25,13,0.0,Q7VX25
UNIPROT:Q7VX27,8,0.125,Q7VX27
UNIPROT:Q7VX34,11,0.5454545454545454,Q7VX34
UNIPROT:Q7VX36,9,0.2222222222222222,Q7VX36
UNIPROT:Q7VX37,17,0.0,Q7VX37
UNIPROT:Q7VX38,12,0.08333333333333333,Q7VX38
UNIPROT:Q7VX39,16,0.125,Q7VX39
UNIPROT:Q7VX41,17,0.35294117647058826,Q7VX41
UNIPROT:Q7VX47,9,0.7777777777777778,Q7VX47
UNIPROT:Q7VX49,9,0.0,Q7VX49
UNIPROT:Q7VX52,8,0.0,Q7VX52
UNIPROT:Q7VX54,11,0.0,Q7VX54
UNIPROT:Q7VX58,8,0.125,Q7VX58
UNIPROT:Q7VX59,14,0.5,Q7VX59
UNIPROT:Q7VX60,8,0.375,Q7VX60
UNIPROT:Q7VX63,11,0.36363636363636365,Q7VX63
UNIPROT:Q7VX64,15,0.06666666666666667,Q7VX64
UNIPROT:Q7VX65,11,0.0,Q7VX65
UNIPROT:Q7VX67,8,0.25,Q7VX67
UNIPROT:Q7VX74,10,0.0,Q7VX74
UNIPROT:Q7VX75,10,0.0,Q7VX75
UNIPROT:Q7VX77,12,0.0,Q7VX77
UNIPROT:Q7VX78,13,0.38461538461538464,Q7VX78
UNIPROT:Q7VX85,9,0.0,Q7VX85
UNIPROT:Q7VX86,13,0.0,Q7VX86
UNIPROT:Q7VX92,11,0.45454545454545453,Q7VX92
UNIPROT:Q7VX95,8,0.25,Q7VX95
UNIPROT:Q7VXA0,10,0.2,Q7VXA0
UNIPROT:Q7VXA1,15,0.3333333333333333,Q7VXA1
UNIPROT:Q7VXA4,10,0.4,Q7VXA4
UNIPROT:Q7VXA6,8,0.125,Q7VXA6
UNIPROT:Q7VXA8,17,0.058823529411764705,Q7VXA8
UNIPROT:Q7VXC1,14,0.42857142857142855,Q7VXC1
UNIPROT:Q7VXC8,8,0.125,Q7VXC8
UNIPROT:Q7VXD6,8,0.25,Q7VXD6
UNIPROT:Q7VXE1,17,0.17647058823529413,Q7VXE1
UNIPROT:Q7VXE4,8,0.125,Q7VXE4
UNIPROT:Q7VXE7,10,0.5,Q7VXE7
UNIPROT:Q7VXE9,11,0.36363636363636365,Q7VXE9
UNIPROT:Q7VXF0,10,0.2,Q7VXF0
UNIPROT:Q7VXF1,14,0.21428571428571427,Q7VXF1
UNIPROT:Q7VXF2,10,0.3,Q7VXF2
UNIPROT:Q7VXF4,11,0.36363636363636365,Q7VXF4
UNIPROT:Q7VXG0,8,0.0,Q7VXG0
UNIPROT:Q7VXG3,8,0.0,Q7VXG3
UNIPROT:Q7VXG7,11,0.18181818181818182,Q7VXG7
UNIPROT:Q7VXH1,11,0.09090909090909091,Q7VXH1
UNIPROT:Q7VXH4,14,0.07142857142857142,Q7VXH4
UNIPROT:Q7VXH5,10,0.0,Q7VXH5
UNIPROT:Q7VXI4,12,0.0,Q7VXI4
UNIPROT:Q7VXI6,13,0.0,Q7VXI6
UNIPROT:Q7VXJ7,12,0.0,Q7VXJ7
UNIPROT:Q7VXJ8,10,0.2,Q7VXJ8
UNIPROT:Q7VXK3,19,0.0,Q7VXK3
UNIPROT:Q7VXK5,9,0.1111111111111111,Q7VXK5
UNIPROT:Q7VXK6,16,0.125,Q7VXK6
UNIPROT:Q7VXL1,9,0.1111111111111111,Q7VXL1
UNIPROT:Q7VXL3,9,0.4444444444444444,Q7VXL3
UNIPROT:Q7VXL4,11,0.7272727272727273,Q7VXL4
UNIPROT:Q7VXL9,8,0.0,Q7VXL9
UNIPROT:Q7VXM2,9,0.4444444444444444,Q7VXM2
UNIPROT:Q7VXM6,12,0.5,Q7VXM6
UNIPROT:Q7VXN3,8,0.25,Q7VXN3
UNIPROT:Q7VXN5,18,0.6666666666666666,Q7VXN5
UNIPROT:Q7VXP1,9,0.0,Q7VXP1
UNIPROT:Q7VXP4,23,0.0,Q7VXP4
UNIPROT:Q7VXQ3,23,0.30434782608695654,Q7VXQ3
UNIPROT:Q7VXQ5,31,0.12903225806451613,Q7VXQ5
UNIPROT:Q7VXR1,13,0.0,Q7VXR1
UNIPROT:Q7VXR4,9,0.0,Q7VXR4
UNIPROT:Q7VXR9,10,0.0,Q7VXR9
UNIPROT:Q7VXS3,9,0.0,Q7VXS3
UNIPROT:Q7VXS7,12,0.0,Q7VXS7
UNIPROT:Q7VXS9,15,0.3333333333333333,Q7VXS9
UNIPROT:Q7VXT2,9,0.0,Q7VXT2
UNIPROT:Q7VXT9,9,0.1111111111111111,Q7VXT9
UNIPROT:Q7VXU1,11,0.0,Q7VXU1
UNIPROT:Q7VXU2,9,0.1111111111111111,Q7VXU2
UNIPROT:Q7VXU4,15,0.0,Q7VXU4
UNIPROT:Q7VXU8,14,0.21428571428571427,Q7VXU8
UNIPROT:Q7VXV0,8,0.125,Q7VXV0
UNIPROT:Q7VXV2,15,0.0,Q7VXV2
UNIPROT:Q7VXV3,8,0.0,Q7VXV3
UNIPROT:Q7VXV5,16,0.0625,Q7VXV5
UNIPROT:Q7VXV7,17,0.0,Q7VXV7
UNIPROT:Q7VXW4,16,0.0,Q7VXW4
UNIPROT:Q7VXX0,19,0.21052631578947367,Q7VXX0
UNIPROT:Q7VXX4,12,0.25,Q7VXX4
UNIPROT:Q7VXX9,11,0.36363636363636365,Q7VXX9
UNIPROT:Q7VXY1,9,0.2222222222222222,Q7VXY1
UNIPROT:Q7VXY2,11,0.09090909090909091,Q7VXY2
UNIPROT:Q7VXY8,11,0.0,Q7VXY8
UNIPROT:Q7VXZ8,9,0.6666666666666666,Q7VXZ8
UNIPROT:Q7VY00,8,0.5,Q7VY00
UNIPROT:Q7VY01,15,0.2,Q7VY01
UNIPROT:Q7VY11,9,0.0,Q7VY11
UNIPROT:Q7VY14,12,0.0,Q7VY14
UNIPROT:Q7VY15,24,0.20833333333333334,Q7VY15
UNIPROT:Q7VY16,10,0.1,Q7VY16
UNIPROT:Q7VY17,13,0.07692307692307693,Q7VY17
UNIPROT:Q7VY25,10,0.0,Q7VY25
UNIPROT:Q7VY28,9,0.0,Q7VY28
UNIPROT:Q7VY30,11,0.0,Q7VY30
UNIPROT:Q7VY33,9,0.1111111111111111,Q7VY33
UNIPROT:Q7VY46,8,0.25,Q7VY46
UNIPROT:Q7VY53,8,0.5,Q7VY53
UNIPROT:Q7VY59,12,0.08333333333333333,Q7VY59
UNIPROT:Q7VY64,11,0.7272727272727273,Q7VY64
UNIPROT:Q7VY67,9,0.2222222222222222,Q7VY67
UNIPROT:Q7VY69,21,0.0,Q7VY69
UNIPROT:Q7VY80,13,0.23076923076923078,Q7VY80
UNIPROT:Q7VY82,9,0.0,Q7VY82
UNIPROT:Q7VY84,10,0.0,Q7VY84
UNIPROT:Q7VY89,8,0.25,Q7VY89
UNIPROT:Q7VY93,17,0.058823529411764705,Q7VY93
UNIPROT:Q7VY97,14,0.21428571428571427,Q7VY97
UNIPROT:Q7VYA9,14,0.07142857142857142,Q7VYA9
UNIPROT:Q7VYB3,19,0.0,Q7VYB3
UNIPROT:Q7VYB7,9,0.0,Q7VYB7
UNIPROT:Q7VYC2,12,0.16666666666666666,Q7VYC2
UNIPROT:Q7VYC3,9,0.2222222222222222,Q7VYC3
UNIPROT:Q7VYC5,8,0.0,Q7VYC5
UNIPROT:Q7VYD2,28,0.0,Q7VYD2
UNIPROT:Q7VYD4,11,0.0,Q7VYD4
UNIPROT:Q7VYD5,8,0.125,Q7VYD5
UNIPROT:Q7VYE5,12,0.08333333333333333,Q7VYE5
UNIPROT:Q7VYF1,8,0.0,Q7VYF1
UNIPROT:Q7VYF4,12,0.0,Q7VYF4
UNIPROT:Q7VYF6,11,0.0,Q7VYF6
UNIPROT:Q7VYF7,9,0.0,Q7VYF7
UNIPROT:Q7VYF9,9,0.0,Q7VYF9
UNIPROT:Q7VYG0,10,0.1,Q7VYG0
UNIPROT:Q7VYH3,10,0.0,Q7VYH3
UNIPROT:Q7VYH6,9,0.0,Q7VYH6
UNIPROT:Q7VYH9,8,0.0,Q7VYH9
UNIPROT:Q7VYI2,8,0.375,Q7VYI2
UNIPROT:Q7VYI6,10,0.0,Q7VYI6
UNIPROT:Q7VYJ0,10,0.6,Q7VYJ0
UNIPROT:Q7VYJ1,22,0.5909090909090909,Q7VYJ1
UNIPROT:Q7VYJ2,13,0.3076923076923077,Q7VYJ2
UNIPROT:Q7VYJ5,10,0.4,Q7VYJ5
UNIPROT:Q7VYJ9,22,0.18181818181818182,Q7VYJ9
UNIPROT:Q7VYK0,11,0.7272727272727273,Q7VYK0
UNIPROT:Q7VYK1,13,0.23076923076923078,Q7VYK1
UNIPROT:Q7VYK3,17,0.0,Q7VYK3
UNIPROT:Q7VYL4,8,0.0,Q7VYL4
UNIPROT:Q7VYM5,8,0.0,Q7VYM5
UNIPROT:Q7VYN3,12,0.3333333333333333,Q7VYN3
UNIPROT:Q7VYN4,10,0.2,Q7VYN4
UNIPROT:Q7VYN9,22,0.0,Q7VYN9
UNIPROT:Q7VYP0,17,0.29411764705882354,Q7VYP0
UNIPROT:Q7VYP1,12,0.25,Q7VYP1
UNIPROT:Q7VYP4,14,0.0,Q7VYP4
UNIPROT:Q7VYP5,10,0.0,Q7VYP5
UNIPROT:Q7VYP9,12,0.08333333333333333,Q7VYP9
UNIPROT:Q7VYQ0,18,0.4444444444444444,Q7VYQ0
UNIPROT:Q7VYQ3,23,0.08695652173913043,Q7VYQ3
UNIPROT:Q7VYQ5,13,0.07692307692307693,Q7VYQ5
UNIPROT:Q7VYQ6,14,0.14285714285714285,Q7VYQ6
UNIPROT:Q7VYR0,15,0.13333333333333333,Q7VYR0
UNIPROT:Q7VYR2,8,0.25,Q7VYR2
UNIPROT:Q7VYR7,9,0.0,Q7VYR7
UNIPROT:Q7VYS8,17,0.058823529411764705,Q7VYS8
UNIPROT:Q7VYS9,16,0.0625,Q7VYS9
UNIPROT:Q7VYT1,13,0.0,Q7VYT1
UNIPROT:Q7VYT9,15,0.06666666666666667,Q7VYT9
UNIPROT:Q7VYU1,9,0.0,Q7VYU1
UNIPROT:Q7VYU2,8,0.0,Q7VYU2
UNIPROT:Q7VYU8,11,0.0,Q7VYU8
UNIPROT:Q7VYV6,12,0.08333333333333333,Q7VYV6
UNIPROT:Q7VYW2,8,0.0,Q7VYW2
UNIPROT:Q7VYW8,10,0.0,Q7VYW8
UNIPROT:Q7VYW9,8,0.0,Q7VYW9
UNIPROT:Q7VYX1,11,0.0,Q7VYX1
UNIPROT:Q7VYX4,12,0.0,Q7VYX4
UNIPROT:Q7VYY1,9,0.0,Q7VYY1
UNIPROT:Q7VYY3,8,0.0,Q7VYY3
UNIPROT:Q7VYY5,22,0.0,Q7VYY5
UNIPROT:Q7VYY6,18,0.0,Q7VYY6
UNIPROT:Q7VYZ1,8,0.0,Q7VYZ1
UNIPROT:Q7VYZ4,13,0.0,Q7VYZ4
UNIPROT:Q7VYZ5,10,0.0,Q7VYZ5
UNIPROT:Q7VZ00,10,0.0,Q7VZ00
UNIPROT:Q7VZ04,8,0.0,Q7VZ04
UNIPROT:Q7VZ08,15,0.2,Q7VZ08
UNIPROT:Q7VZ15,8,0.0,Q7VZ15
UNIPROT:Q7VZ16,8,0.0,Q7VZ16
UNIPROT:Q7VZ18,15,0.6666666666666666,Q7VZ18
UNIPROT:Q7VZ19,16,0.3125,Q7VZ19
UNIPROT:Q7VZ21,13,0.07692307692307693,Q7VZ21
UNIPROT:Q7VZ22,11,0.45454545454545453,Q7VZ22
UNIPROT:Q7VZ27,9,0.5555555555555556,Q7VZ27
UNIPROT:Q7VZ29,13,0.38461538461538464,Q7VZ29
UNIPROT:Q7VZ32,14,0.7142857142857143,Q7VZ32
UNIPROT:Q7VZ37,15,0.0,Q7VZ37
UNIPROT:Q7VZ40,12,0.4166666666666667,Q7VZ40
UNIPROT:Q7VZ43,8,0.125,Q7VZ43
UNIPROT:Q7VZ44,10,0.0,Q7VZ44
UNIPROT:Q7VZ45,23,0.5652173913043478,Q7VZ45
UNIPROT:Q7VZ47,8,0.375,Q7VZ47
UNIPROT:Q7VZ49,14,0.5,Q7VZ49
UNIPROT:Q7VZ54,12,0.08333333333333333,Q7VZ54
UNIPROT:Q7VZ57,10,0.3,Q7VZ57
UNIPROT:Q7VZ59,9,0.3333333333333333,Q7VZ59
UNIPROT:Q7VZ61,9,0.5555555555555556,Q7VZ61
UNIPROT:Q7VZ62,22,0.5454545454545454,Q7VZ62
UNIPROT:Q7VZ64,14,0.07142857142857142,Q7VZ64
UNIPROT:Q7VZ65,12,0.0,Q7VZ65
UNIPROT:Q7VZ72,10,0.1,Q7VZ72
UNIPROT:Q7VZ77,9,0.6666666666666666,Q7VZ77
UNIPROT:Q7VZ80,8,0.875,Q7VZ80
UNIPROT:Q7VZ82,9,0.3333333333333333,Q7VZ82
UNIPROT:Q7VZ84,11,0.0,Q7VZ84
UNIPROT:Q7VZ85,11,0.09090909090909091,Q7VZ85
UNIPROT:Q7VZ89,8,0.0,Q7VZ89
UNIPROT:Q7VZ97,9,0.0,Q7VZ97
UNIPROT:Q7VZ98,10,0.7,Q7VZ98
UNIPROT:Q7VZ99,11,0.36363636363636365,Q7VZ99
UNIPROT:Q7VZA8,12,0.25,Q7VZA8
UNIPROT:Q7VZB4,16,0.125,Q7VZB4
UNIPROT:Q7VZB8,9,0.1111111111111111,Q7VZB8
UNIPROT:Q7VZC0,11,0.18181818181818182,Q7VZC0
UNIPROT:Q7VZC5,9,0.1111111111111111,Q7VZC5
UNIPROT:Q7VZC6,12,0.08333333333333333,Q7VZC6
UNIPROT:Q7VZD2,12,0.0,Q7VZD2
UNIPROT:Q7VZD3,20,0.3,Q7VZD3
UNIPROT:Q7VZE1,13,0.15384615384615385,Q7VZE1
UNIPROT:Q7VZE8,9,0.5555555555555556,Q7VZE8
UNIPROT:Q7VZF7,11,0.0,Q7VZF7
UNIPROT:Q7VZG5,16,0.0625,Q7VZG5
UNIPROT:Q7VZG9,19,0.2631578947368421,Q7VZG9
UNIPROT:Q7VZH2,11,0.36363636363636365,Q7VZH2
UNIPROT:Q7VZH7,11,0.0,Q7VZH7
UNIPROT:Q7VZI6,8,0.125,Q7VZI6
UNIPROT:Q7VZI7,8,0.0,Q7VZI7
UNIPROT:Q7VZI8,9,0.0,Q7VZI8
UNIPROT:Q7VZJ0,9,0.0,Q7VZJ0
UNIPROT:Q7VZJ1,12,0.0,Q7VZJ1
UNIPROT:Q7VZJ7,10,0.1,Q7VZJ7
UNIPROT:Q7VZK3,18,0.16666666666666666,Q7VZK3
UNIPROT:Q7VZL2,8,0.0,Q7VZL2
UNIPROT:Q7VZL4,8,0.5,Q7VZL4
UNIPROT:Q7VZL5,8,0.375,Q7VZL5
UNIPROT:Q7VZL7,9,0.3333333333333333,Q7VZL7
UNIPROT:Q7VZM0,8,0.0,Q7VZM0
UNIPROT:Q7VZM6,17,0.11764705882352941,Q7VZM6
UNIPROT:Q7VZM8,17,0.058823529411764705,Q7VZM8
UNIPROT:Q7VZN3,20,0.05,Q7VZN3
UNIPROT:Q7VZN5,8,0.625,Q7VZN5
UNIPROT:Q7VZN7,8,0.25,Q7VZN7
UNIPROT:Q7VZN8,8,0.125,Q7VZN8
UNIPROT:Q7VZP0,8,0.25,Q7VZP0
UNIPROT:Q7VZP2,18,0.4444444444444444,Q7VZP2
UNIPROT:Q7VZP3,16,0.125,Q7VZP3
UNIPROT:Q7VZP4,21,0.23809523809523808,Q7VZP4
UNIPROT:Q7VZP6,8,0.0,Q7VZP6
UNIPROT:Q7VZP8,12,0.4166666666666667,Q7VZP8
UNIPROT:Q7VZP9,8,0.0,Q7VZP9
UNIPROT:Q7VZQ8,10,0.1,Q7VZQ8
UNIPROT:Q7VZR1,22,0.045454545454545456,Q7VZR1
UNIPROT:Q7VZR4,23,0.043478260869565216,Q7VZR4
UNIPROT:Q7VZR5,9,0.2222222222222222,Q7VZR5
UNIPROT:Q7VZS2,21,0.047619047619047616,Q7VZS2
UNIPROT:Q7VZT1,9,0.2222222222222222,Q7VZT1
UNIPROT:Q7VZT2,8,0.0,Q7VZT2
UNIPROT:Q7VZT3,21,0.3333333333333333,Q7VZT3
UNIPROT:Q7VZU0,13,0.15384615384615385,Q7VZU0
UNIPROT:Q7VZU3,10,0.2,Q7VZU3
UNIPROT:Q7VZU6,11,0.18181818181818182,Q7VZU6
UNIPROT:Q7VZU7,10,0.2,Q7VZU7
UNIPROT:Q7VZV1,9,0.1111111111111111,Q7VZV1
UNIPROT:Q7VZV2,11,0.09090909090909091,Q7VZV2
UNIPROT:Q7VZV3,8,0.125,Q7VZV3
UNIPROT:Q7VZV4,10,0.0,Q7VZV4
UNIPROT:Q7VZV8,14,0.2857142857142857,Q7VZV8
UNIPROT:Q7VZW4,11,0.7272727272727273,Q7VZW4
UNIPROT:Q7VZW9,14,0.0,Q7VZW9
UNIPROT:Q7VZX1,9,0.0,Q7VZX1
UNIPROT:Q7VZX2,10,0.1,Q7VZX2
UNIPROT:Q7VZX7,9,0.1111111111111111,Q7VZX7
UNIPROT:Q7VZY1,12,0.3333333333333333,Q7VZY1
UNIPROT:Q7VZY3,9,0.3333333333333333,Q7VZY3
UNIPROT:Q7VZZ0,9,0.0,Q7VZZ0
UNIPROT:Q7VZZ1,10,0.0,Q7VZZ1
UNIPROT:Q7VZZ2,13,0.23076923076923078,Q7VZZ2
UNIPROT:Q7VZZ3,11,0.09090909090909091,Q7VZZ3
UNIPROT:Q7VZZ8,10,0.0,Q7VZZ8
UNIPROT:Q7VZZ9,12,0.16666666666666666,Q7VZZ9
UNIPROT:Q7W001,16,0.25,Q7W001
UNIPROT:Q7W002,9,0.4444444444444444,Q7W002
UNIPROT:Q7W004,17,0.0,Q7W004
UNIPROT:Q7W011,11,0.0,Q7W011
UNIPROT:Q7W016,15,0.0,Q7W016
UNIPROT:Q7W024,10,0.0,Q7W024
UNIPROT:Q7W030,9,0.0,Q7W030
UNIPROT:Q7W037,9,0.1111111111111111,Q7W037
UNIPROT:Q7W040,10,0.0,Q7W040
UNIPROT:Q7W043,9,0.0,Q7W043
UNIPROT:Q7W054,9,0.1111111111111111,Q7W054
UNIPROT:Q7W059,12,0.0,Q7W059
UNIPROT:Q7W060,15,0.0,Q7W060
UNIPROT:Q7W068,8,0.0,Q7W068
UNIPROT:Q7W069,9,0.0,Q7W069
UNIPROT:Q7W074,10,0.0,Q7W074
UNIPROT:Q7W081,18,0.0,Q7W081
UNIPROT:Q7W090,12,0.08333333333333333,Q7W090
UNIPROT:Q7W091,15,0.0,Q7W091
UNIPROT:Q7W093,11,0.0,Q7W093
UNIPROT:Q7W094,21,0.047619047619047616,Q7W094
UNIPROT:Q7W097,9,0.0,Q7W097
UNIPROT:Q7W098,8,0.125,Q7W098
UNIPROT:Q7W099,8,0.375,Q7W099
UNIPROT:Q7W0A1,11,0.0,Q7W0A1
UNIPROT:Q7W0A2,12,0.08333333333333333,Q7W0A2
UNIPROT:Q7W0A4,10,0.2,Q7W0A4
UNIPROT:Q7W0A6,14,0.07142857142857142,Q7W0A6
UNIPROT:Q7W0B0,9,0.0,Q7W0B0
UNIPROT:Q7W0B3,24,0.041666666666666664,Q7W0B3
UNIPROT:Q7W0B9,8,0.0,Q7W0B9
UNIPROT:Q7W0C7,22,0.0,Q7W0C7
UNIPROT:Q7W0C9,11,0.0,Q7W0C9
UNIPROT:Q7W0D0,27,0.037037037037037035,Q7W0D0
UNIPROT:Q7W0D5,8,0.0,Q7W0D5
UNIPROT:Q7W0D6,9,0.0,Q7W0D6
UNIPROT:Q7W0E3,10,0.1,Q7W0E3
UNIPROT:Q7W0E8,10,0.0,Q7W0E8
UNIPROT:Q7W0F3,22,0.0,Q7W0F3
UNIPROT:Q7W0F7,12,0.0,Q7W0F7
UNIPROT:Q7W0G3,12,0.0,Q7W0G3
UNIPROT:Q7W0G5,9,0.0,Q7W0G5
UNIPROT:Q7W0G8,16,0.0,Q7W0G8
UNIPROT:Q7W0H2,10,0.0,Q7W0H2
UNIPROT:Q7W0H3,10,0.1,Q7W0H3
UNIPROT:Q7W0H5,12,0.0,Q7W0H5
UNIPROT:Q7W0H7,9,0.0,Q7W0H7
UNIPROT:Q7W0I2,10,0.0,Q7W0I2
UNIPROT:Q7W0I3,20,0.05,Q7W0I3
UNIPROT:Q7W0I4,10,0.2,Q7W0I4
UNIPROT:Q7W0I9,9,0.0,Q7W0I9
UNIPROT:Q7W0J1,8,0.0,Q7W0J1
UNIPROT:Q7W0J2,8,0.125,Q7W0J2
UNIPROT:Q7W0J6,9,0.5555555555555556,Q7W0J6
UNIPROT:Q7W0K0,11,0.09090909090909091,Q7W0K0
UNIPROT:Q7W0K3,8,0.0,Q7W0K3
UNIPROT:Q7W0L6,12,0.08333333333333333,Q7W0L6
UNIPROT:Q7W0M0,10,0.0,Q7W0M0
UNIPROT:Q7W0M1,8,0.0,Q7W0M1
UNIPROT:Q7W0M4,13,0.0,Q7W0M4
UNIPROT:Q7W0M8,11,0.0,Q7W0M8
UNIPROT:Q7W0N0,10,0.2,Q7W0N0
UNIPROT:Q7W0N1,11,0.09090909090909091,Q7W0N1
UNIPROT:Q7W0N7,8,0.0,Q7W0N7
UNIPROT:Q7W0N9,8,0.0,Q7W0N9
UNIPROT:Q7W0P2,13,0.0,Q7W0P2
UNIPROT:Q7W0P4,15,0.0,Q7W0P4
UNIPROT:Q7W0P7,9,0.0,Q7W0P7
UNIPROT:Q7W0Q2,8,0.875,Q7W0Q2
UNIPROT:Q7W0Q5,11,0.6363636363636364,Q7W0Q5
UNIPROT:Q7W0Q7,13,0.38461538461538464,Q7W0Q7
UNIPROT:Q7W0Q8,8,0.0,Q7W0Q8
UNIPROT:Q7W0R0,9,0.0,Q7W0R0
UNIPROT:Q7W0R8,23,0.043478260869565216,Q7W0R8
UNIPROT:Q7W0R9,18,0.1111111111111111,Q7W0R9
UNIPROT:Q7Y1C1,12,0.0,Q7Y1C1
UNIPROT:Q7Z163,23,0.5769230769230769,Q7Z163
UNIPROT:Q80HT9,12,0.5625,Q80HT9
UNIPROT:Q80HV2,14,0.07142857142857142,Q80HV2
UNIPROT:Q80HV8,8,0.0,Q80HV8
UNIPROT:Q80HX1,13,0.0,Q80HX1
UNIPROT:Q80HX3,13,0.26666666666666666,Q80HX3
UNIPROT:Q80HX6,17,0.0,Q80HX6
UNIPROT:Q80HX7,18,0.3888888888888889,Q80HX7
UNIPROT:Q80HY2,8,0.25,Q80HY2
UNIPROT:Q81871,30,1.0,Q81871
UNIPROT:Q82122,87,0.7106598984771574,Q82122
UNIPROT:Q83AL4,11,0.2222222222222222,Q83AL4
UNIPROT:Q83B70,22,0.25,Q83B70
UNIPROT:Q83CG1,14,0.5714285714285714,Q83CG1
UNIPROT:Q83DT1,11,0.4117647058823529,Q83DT1
UNIPROT:Q83EE1,10,0.56,Q83EE1
UNIPROT:Q83EK8,20,0.1111111111111111,Q83EK8
UNIPROT:Q83EL2,17,0.38461538461538464,Q83EL2
UNIPROT:Q83F57,17,0.24,Q83F57
UNIPROT:Q83FD2,8,0.0,Q83FD2
UNIPROT:Q84ZX5,33,0.6185567010309279,Q84ZX5
UNIPROT:Q85320,8,0.0,Q85320
UNIPROT:Q85490,33,0.11764705882352941,Q85490
UNIPROT:Q86R84,18,0.038461538461538464,Q86R84
UNIPROT:Q89121,13,0.0,Q89121
UNIPROT:Q89420,15,1.0,Q89420
UNIPROT:Q8BGG0,14,0.42105263157894735,Q8BGG0
UNIPROT:Q8F8E1,63,0.03076923076923077,Q8F8E1
UNIPROT:Q8H6L7,24,0.005208333333333333,Q8H6L7
UNIPROT:Q8HXG5,9,0.0,Q8HXG5
UNIPROT:Q8I0U6,34,0.9261363636363636,Q8I0U6
UNIPROT:Q8I0U8,158,0.5890804597701149,Q8I0U8
UNIPROT:Q8I476,51,0.0784313725490196,Q8I476
UNIPROT:Q8I562,8,0.4,Q8I562
UNIPROT:Q8I5D2,8,0.8666666666666667,Q8I5D2
UNIPROT:Q8I5P1,8,0.6363636363636364,Q8I5P1
UNIPROT:Q8IEU2,14,0.78125,Q8IEU2
UNIPROT:Q8IFM5,10,0.7093023255813954,Q8IFM5
UNIPROT:Q8IHN4,12,0.2222222222222222,Q8IHN4
UNIPROT:Q8IIF0,16,0.46774193548387094,Q8IIF0
UNIPROT:Q8IWU4,32,0.7664233576642335,Q8IWU4
UNIPROT:Q8J0P4,72,0.06493506493506493,Q8J0P4
UNIPROT:Q8JSZ3,17,0.9411764705882353,Q8JSZ3
UNIPROT:Q8JUX5,191,0.27638190954773867,Q8JUX5
UNIPROT:Q8L5K9,15,0.2,Q8L5K9
UNIPROT:Q8N0N0,119,0.21008403361344538,Q8N0N0
UNIPROT:Q8QT27,9,0.9333333333333333,Q8QT27
UNIPROT:Q8R429,10,1.0,Q8R429
UNIPROT:Q8RYC0,34,0.1686746987951807,Q8RYC0
UNIPROT:Q8WXD2,8,0.05555555555555555,Q8WXD2
UNIPROT:Q8XA65,8,0.6944444444444444,Q8XA65
UNIPROT:Q8XCU2,21,1.0,Q8XCU2
UNIPROT:Q8XDF1,28,0.31384615384615383,Q8XDF1
UNIPROT:Q8XE41,28,0.03571428571428571,Q8XE41
UNIPROT:Q8YB53,16,0.0,Q8YB53
UNIPROT:Q8YB85,19,0.0,Q8YB85
UNIPROT:Q8YC41,19,0.2,Q8YC41
UNIPROT:Q8YCN1,20,0.0,Q8YCN1
UNIPROT:Q8YD21,10,0.0,Q8YD21
UNIPROT:Q8YDY4,41,0.0,Q8YDY4
UNIPROT:Q8YE08,11,0.0,Q8YE08
UNIPROT:Q8YFL8,11,0.0,Q8YFL8
UNIPROT:Q8YFY0,14,0.0,Q8YFY0
UNIPROT:Q8YG32,11,0.13636363636363635,Q8YG32
UNIPROT:Q8YGH4,24,0.0,Q8YGH4
UNIPROT:Q8YHE5,9,0.0,Q8YHE5
UNIPROT:Q8YHE6,8,0.0,Q8YHE6
UNIPROT:Q8YHH0,21,0.047619047619047616,Q8YHH0
UNIPROT:Q8YHI8,9,0.0,Q8YHI8
UNIPROT:Q8YIW5,11,0.0,Q8YIW5
UNIPROT:Q8YJ58,8,0.0,Q8YJ58
UNIPROT:Q91ZZ3,11,0.2857142857142857,Q91ZZ3
UNIPROT:Q921I1,26,0.0,Q921I1
UNIPROT:Q92405,25,1.0,Q92405
UNIPROT:Q92519,8,1.0,Q92519
UNIPROT:Q92932,13,0.1111111111111111,Q92932
UNIPROT:Q93IG6,10,0.1,Q93IG6
UNIPROT:Q93TG4,10,0.0,Q93TG4
UNIPROT:Q94507,8,0.25,Q94507
UNIPROT:Q95114,12,0.125,Q95114
UNIPROT:Q95182,75,0.5523809523809524,Q95182
UNIPROT:Q96368,9,0.625,Q96368
UNIPROT:Q96385,39,0.7272727272727273,Q96385
UNIPROT:Q967Z0,28,0.0,Q967Z0
UNIPROT:Q96895,8,0.0,Q96895
UNIPROT:Q96RS0,10,0.0,Q96RS0
UNIPROT:Q96X30,13,0.0,Q96X30
UNIPROT:Q99AR3,8,1.0,Q99AR3
UNIPROT:Q99XV0,123,0.5163934426229508,Q99XV0
UNIPROT:Q99ZW2,18,0.2222222222222222,Q99ZW2
UNIPROT:Q9A1S0,11,0.8181818181818182,Q9A1S0
UNIPROT:Q9AT26,21,0.028846153846153848,Q9AT26
UNIPROT:Q9ATH2,21,0.9523809523809523,Q9ATH2
UNIPROT:Q9BXM7,99,0.4925373134328358,Q9BXM7
UNIPROT:Q9BXX3,13,0.7142857142857143,Q9BXX3
UNIPROT:Q9D267,14,0.0,Q9D267
UNIPROT:Q9DBI2,34,0.0,Q9DBI2
UNIPROT:Q9DBJ1,12,0.25,Q9DBJ1
UNIPROT:Q9F712,18,1.0,Q9F712
UNIPROT:Q9FPR0,25,0.5,Q9FPR0
UNIPROT:Q9FUW6,16,0.0,Q9FUW6
UNIPROT:Q9H2D6,17,0.0,Q9H2D6
UNIPROT:Q9HD40,86,0.632258064516129,Q9HD40
UNIPROT:Q9JG70,15,1.0,Q9JG70
UNIPROT:Q9JG76,9,1.0,Q9JG76
UNIPROT:Q9M4S2,10,0.7,Q9M4S2
UNIPROT:Q9NG56,51,0.03686635944700461,Q9NG56
UNIPROT:Q9NJY3,16,0.5625,Q9NJY3
UNIPROT:Q9NQR9,40,0.376,Q9NQR9
UNIPROT:Q9PWX1,91,0.34065934065934067,Q9PWX1
UNIPROT:Q9PX32,18,0.3888888888888889,Q9PX32
UNIPROT:Q9PX53,43,0.3023255813953488,Q9PX53
UNIPROT:Q9PX69,20,0.13636363636363635,Q9PX69
UNIPROT:Q9PX71,8,0.0,Q9PX71
UNIPROT:Q9QJ10,13,0.07142857142857142,Q9QJ10
UNIPROT:Q9QJ11,98,0.6476190476190476,Q9QJ11
UNIPROT:Q9QJ12,132,0.7931034482758621,Q9QJ12
UNIPROT:Q9QJ13,23,0.391304347826087,Q9QJ13
UNIPROT:Q9QJ14,16,0.47058823529411764,Q9QJ14
UNIPROT:Q9QJ16,151,0.5733333333333334,Q9QJ16
UNIPROT:Q9QJ17,22,0.8823529411764706,Q9QJ17
UNIPROT:Q9QJ18,14,0.9285714285714286,Q9QJ18
UNIPROT:Q9QJ19,41,0.9387755102040817,Q9QJ19
UNIPROT:Q9QJ20,49,0.7254901960784313,Q9QJ20
UNIPROT:Q9QJ21,24,0.7407407407407407,Q9QJ21
UNIPROT:Q9QJ22,9,0.7,Q9QJ22
UNIPROT:Q9QJ23,76,0.6582278481012658,Q9QJ23
UNIPROT:Q9QJ24,35,0.8421052631578947,Q9QJ24
UNIPROT:Q9QJ25,88,0.6444444444444445,Q9QJ25
UNIPROT:Q9QJ26,192,0.6298076923076923,Q9QJ26
UNIPROT:Q9QJ27,34,0.8571428571428571,Q9QJ27
UNIPROT:Q9QJ28,56,0.7241379310344828,Q9QJ28
UNIPROT:Q9QJ29,66,0.9047619047619048,Q9QJ29
UNIPROT:Q9QJ30,62,0.7794117647058824,Q9QJ30
UNIPROT:Q9QJ32,123,0.424,Q9QJ32
UNIPROT:Q9QJ33,58,0.7258064516129032,Q9QJ33
UNIPROT:Q9QJ34,11,0.8181818181818182,Q9QJ34
UNIPROT:Q9QJ35,36,0.5384615384615384,Q9QJ35
UNIPROT:Q9QJ36,50,0.6274509803921569,Q9QJ36
UNIPROT:Q9QJ37,305,0.7055214723926381,Q9QJ37
UNIPROT:Q9QJ38,111,0.7857142857142857,Q9QJ38
UNIPROT:Q9QJ39,93,0.64,Q9QJ39
UNIPROT:Q9QJ40,42,0.9782608695652174,Q9QJ40
UNIPROT:Q9QJ42,9,0.6666666666666666,Q9QJ42
UNIPROT:Q9QJ43,31,0.6875,Q9QJ43
UNIPROT:Q9QJ44,21,0.8260869565217391,Q9QJ44
UNIPROT:Q9QJ45,44,0.9069767441860465,Q9QJ45
UNIPROT:Q9QJ46,51,0.660377358490566,Q9QJ46
UNIPROT:Q9QJ47,33,0.8611111111111112,Q9QJ47
UNIPROT:Q9QJ48,21,0.7142857142857143,Q9QJ48
UNIPROT:Q9QJ49,83,0.8666666666666667,Q9QJ49
UNIPROT:Q9QJ51,23,0.7916666666666666,Q9QJ51
UNIPROT:Q9QJ52,49,0.8181818181818182,Q9QJ52
UNIPROT:Q9QJ54,104,0.7345132743362832,Q9QJ54
UNIPROT:Q9QJ55,65,0.8428571428571429,Q9QJ55
UNIPROT:Q9QJ56,41,0.7857142857142857,Q9QJ56
UNIPROT:Q9QJ57,38,0.8974358974358975,Q9QJ57
UNIPROT:Q9QJ58,9,0.1111111111111111,Q9QJ58
UNIPROT:Q9QJ59,24,0.16666666666666666,Q9QJ59
UNIPROT:Q9QUC0,8,1.0,Q9QUC0
UNIPROT:Q9QZS0,27,0.2642706131078224,Q9QZS0
UNIPROT:Q9S8H2,19,0.8888888888888888,Q9S8H2
UNIPROT:Q9SCG9,9,0.4444444444444444,Q9SCG9
UNIPROT:Q9SEW4,14,0.2672413793103448,Q9SEW4
UNIPROT:Q9SWR4,44,0.5869565217391305,Q9SWR4
UNIPROT:Q9U6R7,20,0.3181818181818182,Q9U6R7
UNIPROT:Q9UAM5,49,0.04424778761061947,Q9UAM5
UNIPROT:Q9UM07,14,0.08823529411764706,Q9UM07
UNIPROT:Q9UM73,30,0.1,Q9UM73
UNIPROT:Q9UMD9,23,0.8125,Q9UMD9
UNIPROT:Q9WJB2,20,0.2,Q9WJB2
UNIPROT:Q9WMB5,107,0.527027027027027,Q9WMB5
UNIPROT:Q9XF24,29,0.8,Q9XF24
UNIPROT:Q9XG86,69,0.012658227848101266,Q9XG86
UNIPROT:Q9Z186,38,0.3787878787878788,Q9Z186
UNIPROT:V5LU01,42,0.38461538461538464,V5LU01
UNIPROT:W6V2P2,36,0.23214285714285715,W6V2P2
UNIPROT:X4ZE83,21,0.19047619047619047,X4ZE83
